-- phpMyAdmin SQL Dump
-- version 5.2.0
-- https://www.phpmyadmin.net/
--
-- Хост: 127.0.0.1
-- Время создания: Ноя 24 2022 г., 17:37
-- Версия сервера: 10.4.25-MariaDB
-- Версия PHP: 8.1.10

SET SQL_MODE = "NO_AUTO_VALUE_ON_ZERO";
START TRANSACTION;
SET time_zone = "+00:00";


/*!40101 SET @OLD_CHARACTER_SET_CLIENT=@@CHARACTER_SET_CLIENT */;
/*!40101 SET @OLD_CHARACTER_SET_RESULTS=@@CHARACTER_SET_RESULTS */;
/*!40101 SET @OLD_COLLATION_CONNECTION=@@COLLATION_CONNECTION */;
/*!40101 SET NAMES utf8mb4 */;

--
-- База данных: `yummy1`
--

-- --------------------------------------------------------

--
-- Структура таблицы `bludo`
--

CREATE TABLE `bludo` (
  `id_bludo` int(11) NOT NULL,
  `name_bludo` text NOT NULL,
  `about_bludo` text NOT NULL,
  `image_bludo` text NOT NULL
) ENGINE=InnoDB DEFAULT CHARSET=utf8mb4;

--
-- Дамп данных таблицы `bludo`
--

INSERT INTO `bludo` (`id_bludo`, `name_bludo`, `about_bludo`, `image_bludo`) VALUES
(1, 'Макороны по-флотски', 'Легендарный рецепт макарон по-флотски, придуманный, по одной из версий, советским поваром в середине прошлого века и представленный на кулинарном конкурсе в Риме.', 'https://www.maggi.ru/data/images/recept/img640x500/recept_2924_1vrf.jpg'),
(2, 'Салат из капусты', 'Салат с капустой, легкий, простой или, наоборот, сложный, сытный, пользуется в нашей стране особой популярностью.', 'https://prostokvashino.ru/upload/iblock/f3d/f3d3c60214e1bdeaf8e3f1f233bf3ab0.jpeg'),
(3, 'Творожная запеканка с манкой', 'Творожная запеканка с манкой, без муки, приготовленная по этому рецепту, будет идеальной, если не полениться и протереть творог через сито. В творожную массу добавляется манная крупа с молоком, за счёт чего запеканка получается нежной и хорошо держит форму.', 'https://lafoy.ru/photo_s/foto-1959-0.jpg'),
(4, '\"Рваный\" пирог из лаваша с творогом', 'Лаваш с творогом на сковороде готовится просто, быстро и из минимального набора продуктов. Этот \"рваный\" пирог из лаваша и творога в яичной заливке чем-то напоминает ленивый вариант ачмы. Если вдруг у вас остался лишний лаваш или обрезки лаваша, это отличный способ их использовать для такого оригинального блюда!', 'https://sekreti-domovodstva.ru/wp-content/uploads/2019/06/zastavka-gotovyj-rvanyj-pirog.jpg'),
(5, 'Баклажаны, фаршированные творогом и сыром', 'Очень вкусное и сытное блюдо - фаршированные баклажаны, запечённые с начинкой из творога, твёрдого сыра и сыра моцарелла.', 'https://cdn.lifehacker.ru/wp-content/uploads/2020/09/12_1599148474-e1599148544199-1280x640.jpg'),
(6, '\"Жареные\" макароны с творогом', 'Отличный способ приготовить макароны так, что даже без мяса и других продуктов будет очень сытно. Понадобится лишь немного творога, а самое главное - это предварительное обжаривание макарон в сливочном масле. \"Жареные\" макароны с творогом получаются яркими по вкусу, с ароматом сливок и орехов. Минимум продуктов, а получается очень вкусно - попробуйте!', 'https://static.1000.menu/img/content-v2/dd/a3/27609/makarony-s-tvorogom_1615119061_10_max.jpg'),
(7, '\"Битые\" баклажаны', 'Модный рецепт фаршированных баклажанов, который несколько раз встречала на зарубежных сайтах. Повторим, сравним и проверим, что даст нам эффект \"избитого\" (отбитого) баклажана! А в начинку - наше любимое, да побольше! Еще одна вкуснятина с фаршем!', 'https://img-global.cpcdn.com/recipes/ee8973967709867c/680x482cq70/bityie-baklazhany-%D0%BE%D1%81%D0%BD%D0%BE%D0%B2%D0%BD%D0%BE%D0%B5-%D1%84%D0%BE%D1%82%D0%BE-%D1%80%D0%B5%D1%86%D0%B5%D0%BF%D1%82%D0%B0.jpg'),
(8, '\"Гнезда\" из макарон с фаршем', 'Такие \"гнезда\" из макарон с фаршем запекают в духовке или микроволновке. Предлагаемый вариант готовится прямо на плите в огнеупорной форме или сковороде.', 'https://img1.russianfood.com/dycontent/images_upl/175/big_174166.jpg'),
(9, 'Ленивые пирожки с фаршем', 'Ленивые пирожки из слоеного дрожжевого теста, с мясным фаршем. Вроде бы лениво, а вроде бы и очень вкусно!', 'https://img1.russianfood.com/dycontent/images_upl/270/big_269424.jpg'),
(10, '\"Ленивая\" лазанья из лаваша', 'Если у вас не хватает времени для приготовления листов для лазаньи, замените их лавашом! Рекомендую рецепт быстрой и очень вкусной \"ленивой\" лазаньи из лаваша.', 'https://img1.russianfood.com/dycontent/images_upl/158/big_157601.jpg'),
(13, 'Баклажаны по-грузински', 'Простая и вкусная овощная закуска - баклажаны по-грузински с орехами и чесноком. Украсит любой стол при неожиданном приходе гостей.', 'https://img1.russianfood.com/dycontent/images_upl/128/big_127983.jpg'),
(16, 'Хлебный суп с яйцом, сыром и луком', 'Хлебный суп оригинальный, сытный и вкусный. Готовится суп из ржаного хлеба, лука, яйца и плавленого сыра, а при подаче дополняется беконом, грибами, сухариками и зеленью. Хлебный суп позволяет очень удачно использовать оставшийся хлеб, чтобы он не черствел.', 'https://img1.russianfood.com/dycontent/images_upl/330/big_329013.jpg'),
(21, 'Картофельно-творожные зразы с яйцом и луком', 'Сытные, вкусные зразы из картофельно-творожного пюре. Могут подаваться с любым гарниром. Будут манить тебя как ворону на стразы.', 'https://img1.russianfood.com/dycontent/images_upl/219/big_218396.jpg'),
(22, 'Лодочки из баклажанов с брынзой и яйцом (в духовке)', 'Эффектный способ приготовить баклажаны в духовке - запечь лодочки из баклажанов с яичницей-глазуньей. Начинка из мякоти баклажанов и брынзы отлично сочетается с яйцом.', 'https://img1.russianfood.com/dycontent/images_upl/531/big_530300.jpg'),
(23, 'Творожная запеканка с яйцами и сыром', 'Вкусная и нежная несладкая запеканка для любителей блюд из творога. Сделает из блюда для завтрак вкусный обэд.', 'https://img1.russianfood.com/dycontent/images_upl/526/big_525971.jpg'),
(24, 'Жареные макароны с яйцом, сметаной и горчицей', 'Жареные макароны с яйцом, сметаной и горчицей — сытный гарнир, который можно подать самостоятельно или как дополнение к мясным и рыбным блюдам.', 'https://img1.russianfood.com/dycontent/images_upl/596/big_595187.jpg'),
(25, 'Гренка с яйцом на завтрак', 'Такая яркая, интересная гренка будет отличным завтраком. Главное не превратить гренку в уголек для шашлыка.', 'https://img1.russianfood.com/dycontent/images_upl/474/big_473420.jpg'),
(26, 'Тушёная капуста с яйцами (на сковороде)', 'Простая и вкусная еда - тушёная капуста с яйцами. Добавление яичной смеси в сочную тушёную капусту с морковью и луком обеспечивает сытность. Прекрасный гарнир или вполне самостоятельное овощное блюдо.', 'https://img1.russianfood.com/dycontent/images_upl/506/big_505341.jpg'),
(29, 'Омлет с манной крупой и сыром', 'Разнообразьте привычные завтраки новым и неожиданным сочетанием ингредиентов, приготовив сытный омлет с манной крупой и сыром.', 'https://img1.russianfood.com/dycontent/images_upl/354/big_353695.jpg'),
(30, 'Котлеты из капусты с манной крупой', 'Вкуснейшее блюдо из минимума ингредиентов - бюджетные котлеты из капусты. Такие румяные котлетки готовятся несложно и получаются сытными и без мяса. ', 'https://img1.russianfood.com/dycontent/images_upl/537/big_536381.jpg'),
(31, 'Чесночный хлеб', 'Как сделать чесночный хлеб? Чесночный хлеб подают со многими блюдами, а приготовить его можно, используя различные виды хлеба. Например багет, который запекается с чесночным маслом.', 'https://img1.russianfood.com/dycontent/images_upl/130/big_129814.jpg'),
(32, 'Гренки с яичницей и сыром', 'Когда обычные бутерброды надоели и хочется разнообразить утреннее меню, попробуйте гренки с яичницей и сыром. Это отличный вариант для сбалансированного завтрака, блюдо \"Два в одном\" - горячий бутерброд и яичница одновременно. Минимум ингредиентов и усилий, а эффектный завтрак гарантирован!', 'https://img1.russianfood.com/dycontent/images_upl/393/big_392217.jpg'),
(33, 'Овощной суп с баклажанами и сметаной', 'Суп с баклажанами и сметаной готовится без мяса, но в то же время получается густым, наваристым и вкусным. Баклажаны придают блюду отменный аромат, а сметана - приятную кислинку.', 'https://img1.russianfood.com/dycontent/images_upl/619/big_618621.jpg'),
(34, 'Оладьи из баклажанов (сырых)', 'Нежные оладьи из баклажанов - летнее блюдо к завтраку, обеду, ужину и любому неожиданному застолью. Будет вкусен даже для не любителей баклажанов.', 'https://img1.russianfood.com/dycontent/images_upl/151/big_150507.jpg'),
(35, 'Омлет с баклажанами', 'Добавление к данному рецепту различных овощей придаёт омлету богатый вкус и делает завтрак более питательным. Но даже простой рецепт нежного омлета на молоке приобретает вкус и аромат, да и баклажан добавляет свои вкусовые оттенки. Омлет с баклажанами – отличный сытный завтрак, который готовится быстро и просто!', 'https://img1.russianfood.com/dycontent/images_upl/614/big_613555.jpg');

-- --------------------------------------------------------

--
-- Структура таблицы `ing`
--

CREATE TABLE `ing` (
  `id_ing` int(11) NOT NULL,
  `name_ing` text NOT NULL
) ENGINE=InnoDB DEFAULT CHARSET=utf8mb4;

--
-- Дамп данных таблицы `ing`
--

INSERT INTO `ing` (`id_ing`, `name_ing`) VALUES
(1, 'Макароны'),
(2, 'Лук'),
(3, 'Фарш'),
(4, 'Капуста'),
(5, 'Творог'),
(6, 'Яйцо'),
(7, 'Молоко'),
(8, 'Крупа манная'),
(10, 'Масло сливочное'),
(11, 'Лаваш'),
(12, 'Баклажан'),
(13, 'Сыр твердый'),
(14, 'Хлеб'),
(15, 'Чеснок'),
(16, 'Морковь'),
(17, 'Сметана'),
(18, 'Тесто'),
(19, 'Картофель');

-- --------------------------------------------------------

--
-- Структура таблицы `rec`
--

CREATE TABLE `rec` (
  `id_ing_r` int(11) DEFAULT NULL,
  `id_bludo_r` int(11) DEFAULT NULL,
  `recept` text DEFAULT NULL,
  `masse` varchar(500) DEFAULT NULL
) ENGINE=InnoDB DEFAULT CHARSET=utf8mb4;

--
-- Дамп данных таблицы `rec`
--

INSERT INTO `rec` (`id_ing_r`, `id_bludo_r`, `recept`, `masse`) VALUES
(1, 1, 'Очищенный лук нарезать небольшими кубиками. Растопить масло и поджарить лук ещё 1-2 минуты на небольшом огне, пока не появится приятный сливочно-луковый аромат. Говядину нарезать кусочками и пропустить через мясорубку со средней решёткой. Выложить мясной фарш на отдельную, хорошо разогретую сковороду. Постоянно разбивать фарш лопаткой, чтобы не оставалось крупных комочков. Жарить на огне чуть выше среднего, пока весь сок не испарится и фарш не поменяет цвет на серый, около 5 минут. После этого влить в сковороду с фаршем 1 ст. ложку растительного масла, немного уменьшить огонь и жарить фарш до золотистого цвета и приятного аромата жареного мяса, ещё минут 7-8. В процессе жарки фарш не солить и не перчить. Готовый мясной фарш и обжаренный лук соединить. Добавить соль и перец, перемешать и оставить немного настояться. В кастрюле довести воду до кипения, добавить щепотку соли. Опустить макароны в кипящую воду и варить до 		готовности по инструкции на упаковке, примерно 10 минут. Отваренные макароны откинуть на дуршлаг, чтобы стекла вся вода, вернуть в кастрюлю. В сковороде разогреть 1 ст. ложку растительного масла. Выложить нарезанный лук и жарить, помешивая, 7-8 минут, до золотистого цвета. После этого добавить к луку 25 г сливочного масла. Добавить к макаронам в кастрюле фарш с луком. Всё хорошо перемешать.', '225'),
(3, 1, 'Очищенный лук нарезать небольшими кубиками. В сковороде разогреть 1 ст. ложку растительного масла. Выложить нарезанный лук и жарить, помешивая, 7-8 минут, до золотистого цвета. После этого добавить к луку 25 г сливочного масла. Растопить масло и поджарить лук ещё 1-2 минуты на небольшом огне, пока не появится приятный сливочно-луковый аромат.\r\nВыложить мясной фарш на отдельную, хорошо разогретую сковороду. Постоянно разбивать фарш лопаткой, чтобы не оставалось крупных комочков. Жарить на огне чуть выше среднего, пока весь сок не испарится и фарш не поменяет цвет на серый, около 5 минут.\r\nПосле этого влить в сковороду с фаршем 1 ст. ложку растительного масла, немного уменьшить огонь и жарить фарш до золотистого цвета и приятного аромата жареного мяса, ещё минут 7-8. В процессе жарки фарш не солить и не перчить.\r\nГотовый мясной фарш и обжаренный лук соединить. Добавить соль и перец, перемешать и оставить немного настояться.\r\nВ кастрюле довести воду до кипения, добавить щепотку соли. Опустить макароны в кипящую воду и варить до готовности по инструкции на упаковке, примерно 10 минут (в рецепте отмечалось, что именно до мягкости, а не альденте).\r\nОтваренные макароны откинуть на дуршлаг, чтобы стекла вся вода, вернуть в кастрюлю.\r\nК макаронам добавить 25 г сливочного масла. Перемешать.\r\nДобавить к макаронам в кастрюле фарш с луком. Всё хорошо перемешать.', '275'),
(2, 1, 'Очищенный лук нарезать небольшими кубиками. В сковороде разогреть 1 ст. ложку растительного масла. Выложить нарезанный лук и жарить, помешивая, 7-8 минут, до золотистого цвета. После этого добавить к луку 25 г сливочного масла. Растопить масло и поджарить лук ещё 1-2 минуты на небольшом огне, пока не появится приятный сливочно-луковый аромат.\r\nВыложить мясной фарш на отдельную, хорошо разогретую сковороду. Постоянно разбивать фарш лопаткой, чтобы не оставалось крупных комочков. Жарить на огне чуть выше среднего, пока весь сок не испарится и фарш не поменяет цвет на серый, около 5 минут.\r\nПосле этого влить в сковороду с фаршем 1 ст. ложку растительного масла, немного уменьшить огонь и жарить фарш до золотистого цвета и приятного аромата жареного мяса, ещё минут 7-8. В процессе жарки фарш не солить и не перчить.\r\nГотовый мясной фарш и обжаренный лук соединить. Добавить соль и перец, перемешать и оставить немного настояться.\r\nВ кастрюле довести воду до кипения, добавить щепотку соли. Опустить макароны в кипящую воду и варить до готовности по инструкции на упаковке, примерно 10 минут (в рецепте отмечалось, что именно до мягкости, а не альденте).\r\nОтваренные макароны откинуть на дуршлаг, чтобы стекла вся вода, вернуть в кастрюлю.\r\nК макаронам добавить 25 г сливочного масла. Перемешать.\r\nДобавить к макаронам в кастрюле фарш с луком. Всё хорошо перемешать.', '175'),
(10, 1, 'Очищенный лук нарезать небольшими кубиками. В сковороде разогреть 1 ст. ложку растительного масла. Выложить нарезанный лук и жарить, помешивая, 7-8 минут, до золотистого цвета. После этого добавить к луку 25 г сливочного масла. Растопить масло и поджарить лук ещё 1-2 минуты на небольшом огне, пока не появится приятный сливочно-луковый аромат.\r\nВыложить мясной фарш на отдельную, хорошо разогретую сковороду. Постоянно разбивать фарш лопаткой, чтобы не оставалось крупных комочков. Жарить на огне чуть выше среднего, пока весь сок не испарится и фарш не поменяет цвет на серый, около 5 минут.\r\nПосле этого влить в сковороду с фаршем 1 ст. ложку растительного масла, немного уменьшить огонь и жарить фарш до золотистого цвета и приятного аромата жареного мяса, ещё минут 7-8. В процессе жарки фарш не солить и не перчить.\r\nГотовый мясной фарш и обжаренный лук соединить. Добавить соль и перец, перемешать и оставить немного настояться.\r\nВ кастрюле довести воду до кипения, добавить щепотку соли. Опустить макароны в кипящую воду и варить до готовности по инструкции на упаковке, примерно 10 минут (в рецепте отмечалось, что именно до мягкости, а не альденте).\r\nОтваренные макароны откинуть на дуршлаг, чтобы стекла вся вода, вернуть в кастрюлю.\r\nК макаронам добавить 25 г сливочного масла. Перемешать.\r\nДобавить к макаронам в кастрюле фарш с луком. Всё хорошо перемешать.', '50'),
(4, 2, 'Тонко шинкуем капусту.\r\nМелко рубим зелень.\r\nНатираем морковь на мелкой терке.\r\nСмешиваем все составляющие заправки и отправляем в салат. Все хорошо перемешиваем.', '300'),
(2, 2, '\"Тонко шинкуем капусту.\r\nМелко рубим зелень.\r\nНатираем морковь на мелкой терке.\r\nСмешиваем все составляющие заправки и отправляем в салат. Все хорошо перемешиваем.\"	', '100'),
(5, 3, '\"В глубокую миску выложите творог. Вбейте яйца и всыпьте сахар.\r\nПеремешайте творог с яйцами и сахаром. Для этой цели я воспользовалась погружным блендером, чтобы творожная масса получилась более однородной и без комочков. Можно просто хорошо перемешать ложкой.\r\nДобавьте сметану и соль. Перемешайте.\r\nВсыпьте манную крупу. Перемешайте.\r\nРазогрейте духовку до 180 градусов.\r\nПодготовьте форму для запекания . Дно и боковые стороны застелите пергаментом. Можно смазать маслом и присыпать манной крупой.\r\nС помощью ложек выложите в форму творожную массу.\r\nОтправьте форму в горячую духовку и готовьте запеканку при 180 градусах 30-40 минут. \"											\r\n										\r\n', '500'),
(17, 3, '\"В глубокую миску выложите творог. Вбейте яйца и всыпьте сахар.\r\nПеремешайте творог с яйцами и сахаром. Для этой цели я воспользовалась погружным блендером, чтобы творожная масса получилась более однородной и без комочков. Можно просто хорошо перемешать ложкой.\r\nДобавьте сметану и соль. Перемешайте.\r\nВсыпьте манную крупу. Перемешайте.\r\nРазогрейте духовку до 180 градусов.\r\nПодготовьте форму для запекания . Дно и боковые стороны застелите пергаментом. Можно смазать маслом и присыпать манной крупой.\r\nС помощью ложек выложите в форму творожную массу.\r\nОтправьте форму в горячую духовку и готовьте запеканку при 180 градусах 30-40 минут. \"											\r\n										\r\n', '100'),
(8, 3, '\"В глубокую миску выложите творог. Вбейте яйца и всыпьте сахар.\r\nПеремешайте творог с яйцами и сахаром. Для этой цели я воспользовалась погружным блендером, чтобы творожная масса получилась более однородной и без комочков. Можно просто хорошо перемешать ложкой.\r\nДобавьте сметану и соль. Перемешайте.\r\nВсыпьте манную крупу. Перемешайте.\r\nРазогрейте духовку до 180 градусов.\r\nПодготовьте форму для запекания . Дно и боковые стороны застелите пергаментом. Можно смазать маслом и присыпать манной крупой.\r\nС помощью ложек выложите в форму творожную массу.\r\nОтправьте форму в горячую духовку и готовьте запеканку при 180 градусах 30-40 минут. \"																				\r\n', '80'),
(6, 3, '\"В глубокую миску выложите творог. Вбейте яйца и всыпьте сахар.\r\nПеремешайте творог с яйцами и сахаром. Для этой цели я воспользовалась погружным блендером, чтобы творожная масса получилась более однородной и без комочков. Можно просто хорошо перемешать ложкой.\r\nДобавьте сметану и соль. Перемешайте.\r\nВсыпьте манную крупу. Перемешайте.\r\nРазогрейте духовку до 180 градусов.\r\nПодготовьте форму для запекания . Дно и боковые стороны застелите пергаментом. Можно смазать маслом и присыпать манной крупой.\r\nС помощью ложек выложите в форму творожную массу.\r\nОтправьте форму в горячую духовку и готовьте запеканку при 180 градусах 30-40 минут. \"											\r\n									\r\n', '3'),
(5, 4, '\"Листы лаваша складываем сразу в несколько слоёв и нарезаем произвольными полосками (я нарезала шириной 1 см, длиной - 6-8 см).\r\nЯйца разбиваем в глубокую миску. Добавляем соль и перец.\r\nВзбалтываем яйца венчиком (или вилкой) до однородности.\r\nНа сковороде растапливаем половину сливочного масла (15-20 г) и выкладываем нарезанный лаваш. Обжариваем лаваш на среднем огне, постоянно помешивая, примерно 1 минуту.\r\nЗатем поверх лаваша равномерным слоем выкладываем творог.\r\nИ заливаем всё яичной смесью.\r\nЯичная смесь должна хорошо распределиться и растечься по дну сковороды, соединив лаваш.\r\nНакрываем сковороду крышкой, убавляем огонь до минимума и готовим пирог из лаваша примерно 4-5 минут.\r\nРазделяем оставшиеся 15-20 г сливочного масла на кусочки и выкладываем поверх пирога.\r\nЛопаткой осторожно отделяем пирог от стенок и дна сковороды и накрываем тарелкой похожего диаметра (или меньше).\r\nПридерживая тарелку, переворачиваем сковороду с пирогом. Затем просто снимаем сковороду с пирога, соскользнувшего на тарелку, и перекладываем обратно в сковороду необжаренной стороной вниз. Опять накрываем крышкой и на минимальном огне доводим до готовности примерно 3-5 минут.\"									\r\n							\r\n', '150'),
(6, 4, '\"Листы лаваша складываем сразу в несколько слоёв и нарезаем произвольными полосками (я нарезала шириной 1 см, длиной - 6-8 см).\r\nЯйца разбиваем в глубокую миску. Добавляем соль и перец.\r\nВзбалтываем яйца венчиком (или вилкой) до однородности.\r\nНа сковороде растапливаем половину сливочного масла (15-20 г) и выкладываем нарезанный лаваш. Обжариваем лаваш на среднем огне, постоянно помешивая, примерно 1 минуту.\r\nЗатем поверх лаваша равномерным слоем выкладываем творог.\r\nИ заливаем всё яичной смесью.\r\nЯичная смесь должна хорошо распределиться и растечься по дну сковороды, соединив лаваш.\r\nНакрываем сковороду крышкой, убавляем огонь до минимума и готовим пирог из лаваша примерно 4-5 минут.\r\nРазделяем оставшиеся 15-20 г сливочного масла на кусочки и выкладываем поверх пирога.\r\nЛопаткой осторожно отделяем пирог от стенок и дна сковороды и накрываем тарелкой похожего диаметра (или меньше).\r\nПридерживая тарелку, переворачиваем сковороду с пирогом. Затем просто снимаем сковороду с пирога, соскользнувшего на тарелку, и перекладываем обратно в сковороду необжаренной стороной вниз. Опять накрываем крышкой и на минимальном огне доводим до готовности примерно 3-5 минут.\"									\r\n								\r\n', '4'),
(5, 5, '\"Листы лаваша складываем сразу в несколько слоёв и нарезаем произвольными полосками (я нарезала шириной 1 см, длиной - 6-8 см).\r\nЯйца разбиваем в глубокую миску. Добавляем соль и перец.\r\nВзбалтываем яйца венчиком (или вилкой) до однородности.\r\nНа сковороде растапливаем половину сливочного масла (15-20 г) и выкладываем нарезанный лаваш. Обжариваем лаваш на среднем огне, постоянно помешивая, примерно 1 минуту.\r\nЗатем поверх лаваша равномерным слоем выкладываем творог.\r\nИ заливаем всё яичной смесью.\r\nЯичная смесь должна хорошо распределиться и растечься по дну сковороды, соединив лаваш.\r\nНакрываем сковороду крышкой, убавляем огонь до минимума и готовим пирог из лаваша примерно 4-5 минут.\r\nРазделяем оставшиеся 15-20 г сливочного масла на кусочки и выкладываем поверх пирога.\r\nЛопаткой осторожно отделяем пирог от стенок и дна сковороды и накрываем тарелкой похожего диаметра (или меньше).\r\nПридерживая тарелку, переворачиваем сковороду с пирогом. Затем просто снимаем сковороду с пирога, соскользнувшего на тарелку, и перекладываем обратно в сковороду необжаренной стороной вниз. Опять накрываем крышкой и на минимальном огне доводим до готовности примерно 3-5 минут.\"									\r\n								\r\n', '70'),
(13, 5, '\"Листы лаваша складываем сразу в несколько слоёв и нарезаем произвольными полосками (я нарезала шириной 1 см, длиной - 6-8 см).\r\nЯйца разбиваем в глубокую миску. Добавляем соль и перец.\r\nВзбалтываем яйца венчиком (или вилкой) до однородности.\r\nНа сковороде растапливаем половину сливочного масла (15-20 г) и выкладываем нарезанный лаваш. Обжариваем лаваш на среднем огне, постоянно помешивая, примерно 1 минуту.\r\nЗатем поверх лаваша равномерным слоем выкладываем творог.\r\nИ заливаем всё яичной смесью.\r\nЯичная смесь должна хорошо распределиться и растечься по дну сковороды, соединив лаваш.\r\nНакрываем сковороду крышкой, убавляем огонь до минимума и готовим пирог из лаваша примерно 4-5 минут.\r\nРазделяем оставшиеся 15-20 г сливочного масла на кусочки и выкладываем поверх пирога.\r\nЛопаткой осторожно отделяем пирог от стенок и дна сковороды и накрываем тарелкой похожего диаметра (или меньше).\r\nПридерживая тарелку, переворачиваем сковороду с пирогом. Затем просто снимаем сковороду с пирога, соскользнувшего на тарелку, и перекладываем обратно в сковороду необжаренной стороной вниз. Опять накрываем крышкой и на минимальном огне доводим до готовности примерно 3-5 минут.\"									\r\n							\r\n', '140'),
(14, 5, '\"Листы лаваша складываем сразу в несколько слоёв и нарезаем произвольными полосками (я нарезала шириной 1 см, длиной - 6-8 см).\r\nЯйца разбиваем в глубокую миску. Добавляем соль и перец.\r\nВзбалтываем яйца венчиком (или вилкой) до однородности.\r\nНа сковороде растапливаем половину сливочного масла (15-20 г) и выкладываем нарезанный лаваш. Обжариваем лаваш на среднем огне, постоянно помешивая, примерно 1 минуту.\r\nЗатем поверх лаваша равномерным слоем выкладываем творог.\r\nИ заливаем всё яичной смесью.\r\nЯичная смесь должна хорошо распределиться и растечься по дну сковороды, соединив лаваш.\r\nНакрываем сковороду крышкой, убавляем огонь до минимума и готовим пирог из лаваша примерно 4-5 минут.\r\nРазделяем оставшиеся 15-20 г сливочного масла на кусочки и выкладываем поверх пирога.\r\nЛопаткой осторожно отделяем пирог от стенок и дна сковороды и накрываем тарелкой похожего диаметра (или меньше).\r\nПридерживая тарелку, переворачиваем сковороду с пирогом. Затем просто снимаем сковороду с пирога, соскользнувшего на тарелку, и перекладываем обратно в сковороду необжаренной стороной вниз. Опять накрываем крышкой и на минимальном огне доводим до готовности примерно 3-5 минут.\"																		\r\n', '50'),
(6, 5, '\"Листы лаваша складываем сразу в несколько слоёв и нарезаем произвольными полосками (я нарезала шириной 1 см, длиной - 6-8 см).\r\nЯйца разбиваем в глубокую миску. Добавляем соль и перец.\r\nВзбалтываем яйца венчиком (или вилкой) до однородности.\r\nНа сковороде растапливаем половину сливочного масла (15-20 г) и выкладываем нарезанный лаваш. Обжариваем лаваш на среднем огне, постоянно помешивая, примерно 1 минуту.\r\nЗатем поверх лаваша равномерным слоем выкладываем творог.\r\nИ заливаем всё яичной смесью.\r\nЯичная смесь должна хорошо распределиться и растечься по дну сковороды, соединив лаваш.\r\nНакрываем сковороду крышкой, убавляем огонь до минимума и готовим пирог из лаваша примерно 4-5 минут.\r\nРазделяем оставшиеся 15-20 г сливочного масла на кусочки и выкладываем поверх пирога.\r\nЛопаткой осторожно отделяем пирог от стенок и дна сковороды и накрываем тарелкой похожего диаметра (или меньше).\r\nПридерживая тарелку, переворачиваем сковороду с пирогом. Затем просто снимаем сковороду с пирога, соскользнувшего на тарелку, и перекладываем обратно в сковороду необжаренной стороной вниз. Опять накрываем крышкой и на минимальном огне доводим до готовности примерно 3-5 минут.\"									\r\n																		\r\n', '1'),
(15, 5, '\"Листы лаваша складываем сразу в несколько слоёв и нарезаем произвольными полосками (я нарезала шириной 1 см, длиной - 6-8 см).\r\nЯйца разбиваем в глубокую миску. Добавляем соль и перец.\r\nВзбалтываем яйца венчиком (или вилкой) до однородности.\r\nНа сковороде растапливаем половину сливочного масла (15-20 г) и выкладываем нарезанный лаваш. Обжариваем лаваш на среднем огне, постоянно помешивая, примерно 1 минуту.\r\nЗатем поверх лаваша равномерным слоем выкладываем творог.\r\nИ заливаем всё яичной смесью.\r\nЯичная смесь должна хорошо распределиться и растечься по дну сковороды, соединив лаваш.\r\nНакрываем сковороду крышкой, убавляем огонь до минимума и готовим пирог из лаваша примерно 4-5 минут.\r\nРазделяем оставшиеся 15-20 г сливочного масла на кусочки и выкладываем поверх пирога.\r\nЛопаткой осторожно отделяем пирог от стенок и дна сковороды и накрываем тарелкой похожего диаметра (или меньше).\r\nПридерживая тарелку, переворачиваем сковороду с пирогом. Затем просто снимаем сковороду с пирога, соскользнувшего на тарелку, и перекладываем обратно в сковороду необжаренной стороной вниз. Опять накрываем крышкой и на минимальном огне доводим до готовности примерно 3-5 минут.\"																										\r\n', '1'),
(7, 5, '\"Листы лаваша складываем сразу в несколько слоёв и нарезаем произвольными полосками (я нарезала шириной 1 см, длиной - 6-8 см).\r\nЯйца разбиваем в глубокую миску. Добавляем соль и перец.\r\nВзбалтываем яйца венчиком (или вилкой) до однородности.\r\nНа сковороде растапливаем половину сливочного масла (15-20 г) и выкладываем нарезанный лаваш. Обжариваем лаваш на среднем огне, постоянно помешивая, примерно 1 минуту.\r\nЗатем поверх лаваша равномерным слоем выкладываем творог.\r\nИ заливаем всё яичной смесью.\r\nЯичная смесь должна хорошо распределиться и растечься по дну сковороды, соединив лаваш.\r\nНакрываем сковороду крышкой, убавляем огонь до минимума и готовим пирог из лаваша примерно 4-5 минут.\r\nРазделяем оставшиеся 15-20 г сливочного масла на кусочки и выкладываем поверх пирога.\r\nЛопаткой осторожно отделяем пирог от стенок и дна сковороды и накрываем тарелкой похожего диаметра (или меньше).\r\nПридерживая тарелку, переворачиваем сковороду с пирогом. Затем просто снимаем сковороду с пирога, соскользнувшего на тарелку, и перекладываем обратно в сковороду необжаренной стороной вниз. Опять накрываем крышкой и на минимальном огне доводим до готовности примерно 3-5 минут.\"									\r\n								\r\n', '100'),
(1, 6, '\"В толстостенной кастрюле на среднем огне растапливаем сливочное масло и всыпаем туда сухую вермишель.\r\nПостоянно помешивая, обжариваем вермишель на среднем огне примерно 7-10 минут, до тёмно-золотистого цвета.\r\nВливаем примерно 500-550 мл воды.\r\nДобавляем соль и перец. Перемешиваем.\r\nУбавляем огонь до минимума, накрываем крышкой и варим вермишель примерно 10 минут, до мягкости и впитывания жидкости. Если жидкость впитается, а вермишель не будет готова - добавьте ещё немного воды (примерно 100-150 мл).\r\nТворог разминаем вилкой и отправляем в горячую вермишель.\r\nПеремешиваем.\"									\r\n						\r\n', '200'),
(5, 6, '\"В толстостенной кастрюле на среднем огне растапливаем сливочное масло и всыпаем туда сухую вермишель.\r\nПостоянно помешивая, обжариваем вермишель на среднем огне примерно 7-10 минут, до тёмно-золотистого цвета.\r\nВливаем примерно 500-550 мл воды.\r\nДобавляем соль и перец. Перемешиваем.\r\nУбавляем огонь до минимума, накрываем крышкой и варим вермишель примерно 10 минут, до мягкости и впитывания жидкости. Если жидкость впитается, а вермишель не будет готова - добавьте ещё немного воды (примерно 100-150 мл).\r\nТворог разминаем вилкой и отправляем в горячую вермишель.\r\nПеремешиваем.\"									\r\n						\r\n', '100'),
(3, 7, 'Пару баклажанов хорошо отбиваем (прокатываем) скалкой, но без фанатизма, они не должны лопнуть.\r\nОдин баклажан мы просто накололи вилкой только с одной стороны. Для эксперимента.\r\nДелаем продольный надрез ножом, чтобы получился \"кармашек\".\r\nВ холодную воду добавляем 1-2 ст. ложки соли. Погружаем баклажаны в солевой раствор минут на 15.\r\nЗа это время приготовим фарш-начинку. Луковицу натираем на крупной терке.\r\nК луку добавляем фарш.\r\nОстрый и сладкий перец нарезаем кубиками, добавляем к фаршу с луком.\r\nСюда же добавляем пропущенный через пресс чеснок, соль, кориандр, чёрный перец и мелко порубленную зелень. Всё хорошо перемешиваем.\r\nБаклажаны достаем из солевого раствора. Хорошо отжимаем.\r\nУ отбитых баклажанов кармашек получился намного больше.\r\nФарш делим на три части и заполняем им баклажаны.\r\nВыкладываем фаршированные баклажаны в форму. Из фарша, который не поместился в наколотый вилкой баклажан, я скатала тефтельки и тоже выложила в форму.\r\nПоливаем баклажаны и тефтели томатным соком и отправляем запекаться в духовку при 180 градусах минут на 40.', '300'),
(2, 7, '\"Пару баклажанов хорошо отбиваем (прокатываем) скалкой, но без фанатизма, они не должны лопнуть.\r\nОдин баклажан мы просто накололи вилкой только с одной стороны. Для эксперимента.\r\nДелаем продольный надрез ножом, чтобы получился \"\"кармашек\"\".\r\nВ холодную воду добавляем 1-2 ст. ложки соли. Погружаем баклажаны в солевой раствор минут на 15.\r\nЗа это время приготовим фарш-начинку. Луковицу натираем на крупной терке.\r\nК луку добавляем фарш.\r\nОстрый и сладкий перец нарезаем кубиками, добавляем к фаршу с луком.\r\nСюда же добавляем пропущенный через пресс чеснок, соль, кориандр, чёрный перец и мелко порубленную зелень. Всё хорошо перемешиваем.\r\nБаклажаны достаем из солевого раствора. Хорошо отжимаем.\r\nУ отбитых баклажанов кармашек получился намного больше.\r\nФарш делим на три части и заполняем им баклажаны.\r\nВыкладываем фаршированные баклажаны в форму. Из фарша, который не поместился в наколотый вилкой баклажан, я скатала тефтельки и тоже выложила в форму.\r\nПоливаем баклажаны и тефтели томатным соком и отправляем запекаться в духовку при 180 градусах минут на 40.\"														\r\n														\r\n', '1'),
(15, 7, '\"Пару баклажанов хорошо отбиваем (прокатываем) скалкой, но без фанатизма, они не должны лопнуть.\r\nОдин баклажан мы просто накололи вилкой только с одной стороны. Для эксперимента.\r\nДелаем продольный надрез ножом, чтобы получился \"\"кармашек\"\".\r\nВ холодную воду добавляем 1-2 ст. ложки соли. Погружаем баклажаны в солевой раствор минут на 15.\r\nЗа это время приготовим фарш-начинку. Луковицу натираем на крупной терке.\r\nК луку добавляем фарш.\r\nОстрый и сладкий перец нарезаем кубиками, добавляем к фаршу с луком.\r\nСюда же добавляем пропущенный через пресс чеснок, соль, кориандр, чёрный перец и мелко порубленную зелень. Всё хорошо перемешиваем.\r\nБаклажаны достаем из солевого раствора. Хорошо отжимаем.\r\nУ отбитых баклажанов кармашек получился намного больше.\r\nФарш делим на три части и заполняем им баклажаны.\r\nВыкладываем фаршированные баклажаны в форму. Из фарша, который не поместился в наколотый вилкой баклажан, я скатала тефтельки и тоже выложила в форму.\r\nПоливаем баклажаны и тефтели томатным соком и отправляем запекаться в духовку при 180 градусах минут на 40.\"														\r\n														\r\n														\r\n', '2'),
(1, 8, '\"В фарш натереть на терке лук и чеснок. Все перемешать, по вкусу посолить. Для аромата и остроты добавить черный молотый перец.\r\nСложить макароны-гнезда в огнеупорную форму.\r\nРаспределить фарш на 5 одинаковых шариков и разместить их на клубочках макарон.\r\nВылить в форму бульон. Он должен покрывать макароны на 2/3.\r\nФорму накрыть фольгой или крышкой, поставить на плиту. Доведя бульон до кипения, огонь снизить до минимума.\r\nТушить \"\"гнезда\"\" 20 минут. В конце приоткрыть фольгу, чтобы выпарился весь бульон.\r\nСыр натереть на терке, а петрушку измельчить ножом.\r\n\"Гнезда\"\" посыпать сыром, снова накрыть фольгой и оставить, не включая огонь, на плите. Сыр должен растаять и проникнуть во все свободные места.\"																				\r\n', '5'),
(3, 8, '\"В фарш натереть на терке лук и чеснок. Все перемешать, по вкусу посолить. Для аромата и остроты добавить черный молотый перец.\r\nСложить макароны-гнезда в огнеупорную форму.\r\nРаспределить фарш на 5 одинаковых шариков и разместить их на клубочках макарон.\r\nВылить в форму бульон. Он должен покрывать макароны на 2/3.\r\nФорму накрыть фольгой или крышкой, поставить на плиту. Доведя бульон до кипения, огонь снизить до минимума.\r\nТушить \"\"гнезда\"\" 20 минут. В конце приоткрыть фольгу, чтобы выпарился весь бульон.\r\nСыр натереть на терке, а петрушку измельчить ножом.\r\n\"Гнезда\"\" посыпать сыром, снова накрыть фольгой и оставить, не включая огонь, на плите. Сыр должен растаять и проникнуть во все свободные места.\"																				\r\n', '300'),
(2, 8, '\"В фарш натереть на терке лук и чеснок. Все перемешать, по вкусу посолить. Для аромата и остроты добавить черный молотый перец.\r\nСложить макароны-гнезда в огнеупорную форму.\r\nРаспределить фарш на 5 одинаковых шариков и разместить их на клубочках макарон.\r\nВылить в форму бульон. Он должен покрывать макароны на 2/3.\r\nФорму накрыть фольгой или крышкой, поставить на плиту. Доведя бульон до кипения, огонь снизить до минимума.\r\nТушить \"\"гнезда\"\" 20 минут. В конце приоткрыть фольгу, чтобы выпарился весь бульон.\r\nСыр натереть на терке, а петрушку измельчить ножом.\r\n\"Гнезда\"\" посыпать сыром, снова накрыть фольгой и оставить, не включая огонь, на плите. Сыр должен растаять и проникнуть во все свободные места.\"																				\r\n', '1'),
(15, 8, '\"В фарш натереть на терке лук и чеснок. Все перемешать, по вкусу посолить. Для аромата и остроты добавить черный молотый перец.\r\nСложить макароны-гнезда в огнеупорную форму.\r\nРаспределить фарш на 5 одинаковых шариков и разместить их на клубочках макарон.\r\nВылить в форму бульон. Он должен покрывать макароны на 2/3.\r\nФорму накрыть фольгой или крышкой, поставить на плиту. Доведя бульон до кипения, огонь снизить до минимума.\r\nТушить \"\"гнезда\"\" 20 минут. В конце приоткрыть фольгу, чтобы выпарился весь бульон.\r\nСыр натереть на терке, а петрушку измельчить ножом.\r\n\"\"Гнезда\"\" посыпать сыром, снова накрыть фольгой и оставить, не включая огонь, на плите. Сыр должен растаять и проникнуть во все свободные места.\"																			\r\n', '1'),
(13, 8, '\"В фарш натереть на терке лук и чеснок. Все перемешать, по вкусу посолить. Для аромата и остроты добавить черный молотый перец.\r\nСложить макароны-гнезда в огнеупорную форму.\r\nРаспределить фарш на 5 одинаковых шариков и разместить их на клубочках макарон.\r\nВылить в форму бульон. Он должен покрывать макароны на 2/3.\r\nФорму накрыть фольгой или крышкой, поставить на плиту. Доведя бульон до кипения, огонь снизить до минимума.\r\nТушить \"\"гнезда\"\" 20 минут. В конце приоткрыть фольгу, чтобы выпарился весь бульон.\r\nСыр натереть на терке, а петрушку измельчить ножом.\r\n\"\"Гнезда\"\" посыпать сыром, снова накрыть фольгой и оставить, не включая огонь, на плите. Сыр должен растаять и проникнуть во все свободные места.\"																					\r\n', '100 г'),
(18, 9, '\"Лук натираем на терке и смешиваем с фаршем, солью и перцем. Добавляем чеснок, выдавленный через пресс.\r\nТесто раскатываем в прямоугольный пласт толщиной 3-4 мм.\r\nНарезаем полоски теста шириной 8 см.\r\nНачинаем формировать пирожки. На полоску теста выкладываем начинку плотной колбаской.\r\nХорошо защипываем края теста. Получается длинный и тонкий пирожок. :) Аккуратно придавливаем шов вилочкой.\r\nПереворачиваем швом вниз. Можно слегка припылить стол и руки мукой, будет проще работать. И теперь нарезаем пирожки по 2-3 см.\r\nВыкладываем ленивые пирожки на подготовленный противень (лист) и смазываем взбитым яйцом - получатся румяными!\r\nВыпекаем пирожки с мясом в разогретой духовке при температуре 200 градусов. Наша духовка справилась за 25 минут.\"													\r\n											\r\n													\r\n', '500 г'),
(3, 9, '\"Лук натираем на терке и смешиваем с фаршем, солью и перцем. Добавляем чеснок, выдавленный через пресс.\r\nТесто раскатываем в прямоугольный пласт толщиной 3-4 мм.\r\nНарезаем полоски теста шириной 8 см.\r\nНачинаем формировать пирожки. На полоску теста выкладываем начинку плотной колбаской.\r\nХорошо защипываем края теста. Получается длинный и тонкий пирожок. :) Аккуратно придавливаем шов вилочкой.\r\nПереворачиваем швом вниз. Можно слегка припылить стол и руки мукой, будет проще работать. И теперь нарезаем пирожки по 2-3 см.\r\nВыкладываем ленивые пирожки на подготовленный противень (лист) и смазываем взбитым яйцом - получатся румяными!\r\nВыпекаем пирожки с мясом в разогретой духовке при температуре 200 градусов. Наша духовка справилась за 25 минут.\"													\r\n										\r\n', '400 г'),
(2, 9, '\"Лук натираем на терке и смешиваем с фаршем, солью и перцем. Добавляем чеснок, выдавленный через пресс.\r\nТесто раскатываем в прямоугольный пласт толщиной 3-4 мм.\r\nНарезаем полоски теста шириной 8 см.\r\nНачинаем формировать пирожки. На полоску теста выкладываем начинку плотной колбаской.\r\nХорошо защипываем края теста. Получается длинный и тонкий пирожок. :) Аккуратно придавливаем шов вилочкой.\r\nПереворачиваем швом вниз. Можно слегка припылить стол и руки мукой, будет проще работать. И теперь нарезаем пирожки по 2-3 см.\r\nВыкладываем ленивые пирожки на подготовленный противень (лист) и смазываем взбитым яйцом - получатся румяными!\r\nВыпекаем пирожки с мясом в разогретой духовке при температуре 200 градусов. Наша духовка справилась за 25 минут.\"													\r\n											\r\n', '2 шт'),
(15, 9, '\"Лук натираем на терке и смешиваем с фаршем, солью и перцем. Добавляем чеснок, выдавленный через пресс.\r\nТесто раскатываем в прямоугольный пласт толщиной 3-4 мм.\r\nНарезаем полоски теста шириной 8 см.\r\nНачинаем формировать пирожки. На полоску теста выкладываем начинку плотной колбаской.\r\nХорошо защипываем края теста. Получается длинный и тонкий пирожок. :) Аккуратно придавливаем шов вилочкой.\r\nПереворачиваем швом вниз. Можно слегка припылить стол и руки мукой, будет проще работать. И теперь нарезаем пирожки по 2-3 см.\r\nВыкладываем ленивые пирожки на подготовленный противень (лист) и смазываем взбитым яйцом - получатся румяными!\r\nВыпекаем пирожки с мясом в разогретой духовке при температуре 200 градусов. Наша духовка справилась за 25 минут.\"													\r\n												\r\n													\r\n', '3 зуб'),
(10, 10, 'Для начала лук нарезать мелким кубиком.\r\nРазогреть сковороду на среднем огне, добавить масло. Жарить лук 1,5 минуты.\r\nДобавить мясной фарш и обжарить в течение 3 минут.\r\nЗатем добавить сахар. Перемешать и тушить несколько минут.\r\nПеремешать и добавить соль, перец черный молотый.\r\nПостоянно перемешивать, разбивая комки.\r\nСпустя минуту добавить 150 мл молока. Перемешивать, не останавливаясь, в течение 3 минут.\r\nДобавить еще 100 мл молока, соль. Когда соус закипит и загустеет, снять с огня.\r\nПодготовить лаваш по размеру формы, в которой вы будете выпекать лазанью.\r\nСыр натереть на крупной терке.\r\nПоместить кулинарное кольцо на противень, застеленный пергаментом. Выложить лаваш в форму, затем - фарш, сверху - соус.\r\nЗакрыть все это снова лавашом. Сделать еще 3 таких слоя.\r\nСверху присыпать тертым сыром.\r\nЗапекать лазанью из лаваша в духовке при температуре 190 градусов в течение 10 минут.', '1 шт'),
(3, 10, 'Для начала лук нарезать мелким кубиком.\r\nРазогреть сковороду на среднем огне, добавить масло. Жарить лук 1,5 минуты.\r\nДобавить мясной фарш и обжарить в течение 3 минут.\r\nЗатем добавить сахар. Перемешать и тушить несколько минут.\r\nПеремешать и добавить соль, перец черный молотый.\r\nПостоянно перемешивать, разбивая комки.\r\nСпустя минуту добавить 150 мл молока. Перемешивать, не останавливаясь, в течение 3 минут.\r\nДобавить еще 100 мл молока, соль. Когда соус закипит и загустеет, снять с огня.\r\nПодготовить лаваш по размеру формы, в которой вы будете выпекать лазанью.\r\nСыр натереть на крупной терке.\r\nПоместить кулинарное кольцо на противень, застеленный пергаментом. Выложить лаваш в форму, затем - фарш, сверху - соус.\r\nЗакрыть все это снова лавашом. Сделать еще 3 таких слоя.\r\nСверху присыпать тертым сыром.\r\nЗапекать лазанью из лаваша в духовке при температуре 190 градусов в течение 10 минут.', '250 г'),
(13, 10, 'Для начала лук нарезать мелким кубиком.\r\nРазогреть сковороду на среднем огне, добавить масло. Жарить лук 1,5 минуты.\r\nДобавить мясной фарш и обжарить в течение 3 минут.\r\nЗатем добавить сахар. Перемешать и тушить несколько минут.\r\nПеремешать и добавить соль, перец черный молотый.\r\nПостоянно перемешивать, разбивая комки.\r\nСпустя минуту добавить 150 мл молока. Перемешивать, не останавливаясь, в течение 3 минут.\r\nДобавить еще 100 мл молока, соль. Когда соус закипит и загустеет, снять с огня.\r\nПодготовить лаваш по размеру формы, в которой вы будете выпекать лазанью.\r\nСыр натереть на крупной терке.\r\nПоместить кулинарное кольцо на противень, застеленный пергаментом. Выложить лаваш в форму, затем - фарш, сверху - соус.\r\nЗакрыть все это снова лавашом. Сделать еще 3 таких слоя.\r\nСверху присыпать тертым сыром.\r\nЗапекать лазанью из лаваша в духовке при температуре 190 градусов в течение 10 минут.', '100 г'),
(2, 10, 'Для начала лук нарезать мелким кубиком.\r\nРазогреть сковороду на среднем огне, добавить масло. Жарить лук 1,5 минуты.\r\nДобавить мясной фарш и обжарить в течение 3 минут.\r\nЗатем добавить сахар. Перемешать и тушить несколько минут.\r\nПеремешать и добавить соль, перец черный молотый.\r\nПостоянно перемешивать, разбивая комки.\r\nСпустя минуту добавить 150 мл молока. Перемешивать, не останавливаясь, в течение 3 минут.\r\nДобавить еще 100 мл молока, соль. Когда соус закипит и загустеет, снять с огня.\r\nПодготовить лаваш по размеру формы, в которой вы будете выпекать лазанью.\r\nСыр натереть на крупной терке.\r\nПоместить кулинарное кольцо на противень, застеленный пергаментом. Выложить лаваш в форму, затем - фарш, сверху - соус.\r\nЗакрыть все это снова лавашом. Сделать еще 3 таких слоя.\r\nСверху присыпать тертым сыром.\r\nЗапекать лазанью из лаваша в духовке при температуре 190 градусов в течение 10 минут.', '120 г'),
(7, 10, 'Для начала лук нарезать мелким кубиком.\r\nРазогреть сковороду на среднем огне, добавить масло. Жарить лук 1,5 минуты.\r\nДобавить мясной фарш и обжарить в течение 3 минут.\r\nЗатем добавить сахар. Перемешать и тушить несколько минут.\r\nПеремешать и добавить соль, перец черный молотый.\r\nПостоянно перемешивать, разбивая комки.\r\nСпустя минуту добавить 150 мл молока. Перемешивать, не останавливаясь, в течение 3 минут.\r\nДобавить еще 100 мл молока, соль. Когда соус закипит и загустеет, снять с огня.\r\nПодготовить лаваш по размеру формы, в которой вы будете выпекать лазанью.\r\nСыр натереть на крупной терке.\r\nПоместить кулинарное кольцо на противень, застеленный пергаментом. Выложить лаваш в форму, затем - фарш, сверху - соус.\r\nЗакрыть все это снова лавашом. Сделать еще 3 таких слоя.\r\nСверху присыпать тертым сыром.\r\nЗапекать лазанью из лаваша в духовке при температуре 190 градусов в течение 10 минут.', '250 г'),
(2, 13, '\r\nБаклажаны нарезать кружками толщиной 1,5-2 см.\r\nЛук очистить и нарезать кружочками толщиной 3-5 мм.\r\nРазогреть сковороду, налить 30-50 мл подсолнечного масла. В горячее масло выложить лук и обжарить до золотистого цвета на среднем огне, помешивая, 2-3 минуты. Снять со сковороды.\r\nВ горячее масло выложить баклажаны. Баклажаны обжарить в подсолнечном масле до золотистого цвета с одной стороны (2-3 минуты).\r\nЗатем перевернуть кружочки баклажанов и обжарить с другой стороны до золотистости (2-3 минуты).\r\nУ горького стручкового перца удалить плодоножку с семенами.\r\nЧеснок очистить, раздавить в чесночнице (или растереть в ступке).\r\nПрокалить оставшееся подсолнечное масло. Для этого довести масло до кипения, огонь уменьшить до минимального и оставить на 1-2 минуты. Снять с огня и остудить до 70°C.\r\nВ эмалированную посуду поместить обжаренные баклажаны, лук, зелень, горький черный перец, перец, чеснок, соль, сахар.\r\nОтправить в духовку на 25 минут при 180 градусах.', '2 шт'),
(15, 13, '\r\nБаклажаны нарезать кружками толщиной 1,5-2 см.\r\nЛук очистить и нарезать кружочками толщиной 3-5 мм.\r\nРазогреть сковороду, налить 30-50 мл подсолнечного масла. В горячее масло выложить лук и обжарить до золотистого цвета на среднем огне, помешивая, 2-3 минуты. Снять со сковороды.\r\nВ горячее масло выложить баклажаны. Баклажаны обжарить в подсолнечном масле до золотистого цвета с одной стороны (2-3 минуты).\r\nЗатем перевернуть кружочки баклажанов и обжарить с другой стороны до золотистости (2-3 минуты).\r\nУ горького стручкового перца удалить плодоножку с семенами.\r\nЧеснок очистить, раздавить в чесночнице (или растереть в ступке).\r\nПрокалить оставшееся подсолнечное масло. Для этого довести масло до кипения, огонь уменьшить до минимального и оставить на 1-2 минуты. Снять с огня и остудить до 70°C.\r\nВ эмалированную посуду поместить обжаренные баклажаны, лук, зелень, горький черный перец, перец, чеснок, соль, сахар.\r\nОтправить в духовку на 25 минут при 180 градусах.', '10 г'),
(14, 16, 'С хлеба срезаем корочку.\r\nХлеб без корочки режем небольшими кубиками.\r\nИз 100 г хлеба сделаем сухарики, которые понадобятся для подачи. Для этого в сковороде разогреваем 1 ст. ложку масла и обжариваем кубики хлеба на небольшом огне около 5 минут, помешивая.\r\nРепчатый лук очищаем и нарезаем кубиками.\r\nВ сковороду добавляем 2 ст. ложки растительного масла. Пассеруем лук на огне чуть выше среднего, постоянно помешивая, около 2-3 минут, до прозрачности.\r\n\r\nК луку добавляем оставшиеся 200 г нарезанных кубиков хлеба. Обжариваем хлеб с луком около 3 минут.\r\nПосле этого кладем хлеб с луком в кастрюлю, заливаем бульоном и доводим до кипения.\r\nПлавленый сыр натираем на средней тёрке.\r\nЧеснок очищаем и выдавливаем через пресс.\r\nЯйцо разбиваем и перемешиваем венчиком.\r\nКак только бульон с хлебом и луком закипит, постепенно, тонкой струйкой вливаем яйцо, чтобы образовались тонкие нити-хлопья. При этом суп нужно всё время перемешивать. После этого, не переставая помешивать (чтобы не подгорел), доводим хлебный суп до кипения.\r\nКак только суп снова закипит, добавляем сыр и чеснок.\r\nХорошо размешиваем, чтобы сыр растворился. По вкусу добавляем соль и снимаем кастрюлю с плиты. Кастрюлю с супом накрываем крышкой и оставляем на 15 минут.\r\nЕсли в супе остались неразваренные кусочки хлеба, доводим суп до однородности с помощью миксера (на слабых оборотах).', '300 г'),
(2, 16, 'С хлеба срезаем корочку.\r\nХлеб без корочки режем небольшими кубиками.\r\nИз 100 г хлеба сделаем сухарики, которые понадобятся для подачи. Для этого в сковороде разогреваем 1 ст. ложку масла и обжариваем кубики хлеба на небольшом огне около 5 минут, помешивая.\r\nРепчатый лук очищаем и нарезаем кубиками.\r\nВ сковороду добавляем 2 ст. ложки растительного масла. Пассеруем лук на огне чуть выше среднего, постоянно помешивая, около 2-3 минут, до прозрачности.\r\n\r\nК луку добавляем оставшиеся 200 г нарезанных кубиков хлеба. Обжариваем хлеб с луком около 3 минут.\r\nПосле этого кладем хлеб с луком в кастрюлю, заливаем бульоном и доводим до кипения.\r\nПлавленый сыр натираем на средней тёрке.\r\nЧеснок очищаем и выдавливаем через пресс.\r\nЯйцо разбиваем и перемешиваем венчиком.\r\nКак только бульон с хлебом и луком закипит, постепенно, тонкой струйкой вливаем яйцо, чтобы образовались тонкие нити-хлопья. При этом суп нужно всё время перемешивать. После этого, не переставая помешивать (чтобы не подгорел), доводим хлебный суп до кипения.\r\nКак только суп снова закипит, добавляем сыр и чеснок.\r\nХорошо размешиваем, чтобы сыр растворился. По вкусу добавляем соль и снимаем кастрюлю с плиты. Кастрюлю с супом накрываем крышкой и оставляем на 15 минут.\r\nЕсли в супе остались неразваренные кусочки хлеба, доводим суп до однородности с помощью миксера (на слабых оборотах).', '100 г'),
(13, 16, 'С хлеба срезаем корочку.\r\nХлеб без корочки режем небольшими кубиками.\r\nИз 100 г хлеба сделаем сухарики, которые понадобятся для подачи. Для этого в сковороде разогреваем 1 ст. ложку масла и обжариваем кубики хлеба на небольшом огне около 5 минут, помешивая.\r\nРепчатый лук очищаем и нарезаем кубиками.\r\nВ сковороду добавляем 2 ст. ложки растительного масла. Пассеруем лук на огне чуть выше среднего, постоянно помешивая, около 2-3 минут, до прозрачности.\r\n\r\nК луку добавляем оставшиеся 200 г нарезанных кубиков хлеба. Обжариваем хлеб с луком около 3 минут.\r\nПосле этого кладем хлеб с луком в кастрюлю, заливаем бульоном и доводим до кипения.\r\nПлавленый сыр натираем на средней тёрке.\r\nЧеснок очищаем и выдавливаем через пресс.\r\nЯйцо разбиваем и перемешиваем венчиком.\r\nКак только бульон с хлебом и луком закипит, постепенно, тонкой струйкой вливаем яйцо, чтобы образовались тонкие нити-хлопья. При этом суп нужно всё время перемешивать. После этого, не переставая помешивать (чтобы не подгорел), доводим хлебный суп до кипения.\r\nКак только суп снова закипит, добавляем сыр и чеснок.\r\nХорошо размешиваем, чтобы сыр растворился. По вкусу добавляем соль и снимаем кастрюлю с плиты. Кастрюлю с супом накрываем крышкой и оставляем на 15 минут.\r\nЕсли в супе остались неразваренные кусочки хлеба, доводим суп до однородности с помощью миксера (на слабых оборотах).', '100 г'),
(6, 16, 'С хлеба срезаем корочку.\r\nХлеб без корочки режем небольшими кубиками.\r\nИз 100 г хлеба сделаем сухарики, которые понадобятся для подачи. Для этого в сковороде разогреваем 1 ст. ложку масла и обжариваем кубики хлеба на небольшом огне около 5 минут, помешивая.\r\nРепчатый лук очищаем и нарезаем кубиками.\r\nВ сковороду добавляем 2 ст. ложки растительного масла. Пассеруем лук на огне чуть выше среднего, постоянно помешивая, около 2-3 минут, до прозрачности.\r\n\r\nК луку добавляем оставшиеся 200 г нарезанных кубиков хлеба. Обжариваем хлеб с луком около 3 минут.\r\nПосле этого кладем хлеб с луком в кастрюлю, заливаем бульоном и доводим до кипения.\r\nПлавленый сыр натираем на средней тёрке.\r\nЧеснок очищаем и выдавливаем через пресс.\r\nЯйцо разбиваем и перемешиваем венчиком.\r\nКак только бульон с хлебом и луком закипит, постепенно, тонкой струйкой вливаем яйцо, чтобы образовались тонкие нити-хлопья. При этом суп нужно всё время перемешивать. После этого, не переставая помешивать (чтобы не подгорел), доводим хлебный суп до кипения.\r\nКак только суп снова закипит, добавляем сыр и чеснок.\r\nХорошо размешиваем, чтобы сыр растворился. По вкусу добавляем соль и снимаем кастрюлю с плиты. Кастрюлю с супом накрываем крышкой и оставляем на 15 минут.\r\nЕсли в супе остались неразваренные кусочки хлеба, доводим суп до однородности с помощью миксера (на слабых оборотах).', '1 шт'),
(2, 16, 'С хлеба срезаем корочку.\r\nХлеб без корочки режем небольшими кубиками.\r\nИз 100 г хлеба сделаем сухарики, которые понадобятся для подачи. Для этого в сковороде разогреваем 1 ст. ложку масла и обжариваем кубики хлеба на небольшом огне около 5 минут, помешивая.\r\nРепчатый лук очищаем и нарезаем кубиками.\r\nВ сковороду добавляем 2 ст. ложки растительного масла. Пассеруем лук на огне чуть выше среднего, постоянно помешивая, около 2-3 минут, до прозрачности.\r\n\r\nК луку добавляем оставшиеся 200 г нарезанных кубиков хлеба. Обжариваем хлеб с луком около 3 минут.\r\nПосле этого кладем хлеб с луком в кастрюлю, заливаем бульоном и доводим до кипения.\r\nПлавленый сыр натираем на средней тёрке.\r\nЧеснок очищаем и выдавливаем через пресс.\r\nЯйцо разбиваем и перемешиваем венчиком.\r\nКак только бульон с хлебом и луком закипит, постепенно, тонкой струйкой вливаем яйцо, чтобы образовались тонкие нити-хлопья. При этом суп нужно всё время перемешивать. После этого, не переставая помешивать (чтобы не подгорел), доводим хлебный суп до кипения.\r\nКак только суп снова закипит, добавляем сыр и чеснок.\r\nХорошо размешиваем, чтобы сыр растворился. По вкусу добавляем соль и снимаем кастрюлю с плиты. Кастрюлю с супом накрываем крышкой и оставляем на 15 минут.\r\nЕсли в супе остались неразваренные кусочки хлеба, доводим суп до однородности с помощью миксера (на слабых оборотах).', '50 г'),
(5, 21, 'Отварной картофель разомните в пюре, выложите в миску.\r\nСверху выложите творог. Подавите все хорошо вилкой.\r\nОтварное яйцо нарежьте.\r\nЗеленый лук нарежьте.\r\nСливочное масло растопите.\r\nВыложите в масло нарезанное яйцо и лук. Перемешайте. Начинка готова!\r\nИз картофельно-творожного теста сделайте лепешку и выложите на нее начинку.\r\nСформируйте круглую котлетку с начинкой внутри, придайте аккуратную форму.\r\nТворожно-картофельные зразы (пирожки) с яйцом и зеленым луком обваляйте в сухарях.\r\nВыложите на разогретую сковороду с маслом.\r\nОбжарьте зразы (пирожки) из картофеля и творога, с яйцом и зеленым луком, до золотистого цвета.', '230 г'),
(19, 21, 'Отварной картофель разомните в пюре, выложите в миску.\r\nСверху выложите творог. Подавите все хорошо вилкой.\r\nОтварное яйцо нарежьте.\r\nЗеленый лук нарежьте.\r\nСливочное масло растопите.\r\nВыложите в масло нарезанное яйцо и лук. Перемешайте. Начинка готова!\r\nИз картофельно-творожного теста сделайте лепешку и выложите на нее начинку.\r\nСформируйте круглую котлетку с начинкой внутри, придайте аккуратную форму.\r\nТворожно-картофельные зразы (пирожки) с яйцом и зеленым луком обваляйте в сухарях.\r\nВыложите на разогретую сковороду с маслом.\r\nОбжарьте зразы (пирожки) из картофеля и творога, с яйцом и зеленым луком, до золотистого цвета.', '150 г'),
(8, 21, 'Отварной картофель разомните в пюре, выложите в миску.\r\nСверху выложите творог. Подавите все хорошо вилкой.\r\nОтварное яйцо нарежьте.\r\nЗеленый лук нарежьте.\r\nСливочное масло растопите.\r\nВыложите в масло нарезанное яйцо и лук. Перемешайте. Начинка готова!\r\nИз картофельно-творожного теста сделайте лепешку и выложите на нее начинку.\r\nСформируйте круглую котлетку с начинкой внутри, придайте аккуратную форму.\r\nТворожно-картофельные зразы (пирожки) с яйцом и зеленым луком обваляйте в сухарях.\r\nВыложите на разогретую сковороду с маслом.\r\nОбжарьте зразы (пирожки) из картофеля и творога, с яйцом и зеленым луком, до золотистого цвета.', '1 ст ложка'),
(14, 21, 'Отварной картофель разомните в пюре, выложите в миску.\r\nСверху выложите творог. Подавите все хорошо вилкой.\r\nОтварное яйцо нарежьте.\r\nЗеленый лук нарежьте.\r\nСливочное масло растопите.\r\nВыложите в масло нарезанное яйцо и лук. Перемешайте. Начинка готова!\r\nИз картофельно-творожного теста сделайте лепешку и выложите на нее начинку.\r\nСформируйте круглую котлетку с начинкой внутри, придайте аккуратную форму.\r\nТворожно-картофельные зразы (пирожки) с яйцом и зеленым луком обваляйте в сухарях.\r\nВыложите на разогретую сковороду с маслом.\r\nОбжарьте зразы (пирожки) из картофеля и творога, с яйцом и зеленым луком, до золотистого цвета.', '100 г'),
(6, 21, 'Отварной картофель разомните в пюре, выложите в миску.\r\nСверху выложите творог. Подавите все хорошо вилкой.\r\nОтварное яйцо нарежьте.\r\nЗеленый лук нарежьте.\r\nСливочное масло растопите.\r\nВыложите в масло нарезанное яйцо и лук. Перемешайте. Начинка готова!\r\nИз картофельно-творожного теста сделайте лепешку и выложите на нее начинку.\r\nСформируйте круглую котлетку с начинкой внутри, придайте аккуратную форму.\r\nТворожно-картофельные зразы (пирожки) с яйцом и зеленым луком обваляйте в сухарях.\r\nВыложите на разогретую сковороду с маслом.\r\nОбжарьте зразы (пирожки) из картофеля и творога, с яйцом и зеленым луком, до золотистого цвета.', '1 шт'),
(2, 21, 'Отварной картофель разомните в пюре, выложите в миску.\r\nСверху выложите творог. Подавите все хорошо вилкой.\r\nОтварное яйцо нарежьте.\r\nЗеленый лук нарежьте.\r\nСливочное масло растопите.\r\nВыложите в масло нарезанное яйцо и лук. Перемешайте. Начинка готова!\r\nИз картофельно-творожного теста сделайте лепешку и выложите на нее начинку.\r\nСформируйте круглую котлетку с начинкой внутри, придайте аккуратную форму.\r\nТворожно-картофельные зразы (пирожки) с яйцом и зеленым луком обваляйте в сухарях.\r\nВыложите на разогретую сковороду с маслом.\r\nОбжарьте зразы (пирожки) из картофеля и творога, с яйцом и зеленым луком, до золотистого цвета.', '2 шт');
INSERT INTO `rec` (`id_ing_r`, `id_bludo_r`, `recept`, `masse`) VALUES
(11, 22, 'Сразу включите духовку разогреваться до температуры 180 градусов.\r\nБаклажаны вымойте и разрежьте вдоль на 2 половинки.\r\nЕсли вы боитесь горечи баклажанов, можно сложить половинки в миску, слегка присыпать солью, залить водой и оставить на 15-20 минут. Затем слить воду и промыть баклажаны под проточной водой.\r\nАккуратно прорежьте ножом мякоть по бокам, оставляя стенки толщиной не больше 0,5 см.\r\nЛожкой аккуратно извлеките мякоть из баклажанов на тарелку. Чем тоньше будут стенки баклажанных лодочек, тем лучше. У меня они получились толщиной примерно 3-4 мм.\r\nБаклажанные лодочки немного посолите.\r\nВ сковороде на среднем огне разогрейте растительное масло. Выложите мякоть баклажанов в сковороду.\r\nПомешивая, обжаривайте баклажаны примерно 10-15 минут, до мягкости.\r\nПереложите обжаренные баклажаны в глубокую миску.\r\nБрынзу натрите на тёрке или просто разломайте на кусочки. Отправьте в миску с баклажанами и перемешайте. Поперчите и посолите начинку, учитывая то, что брынза уже содержит соль.\r\nНаполните полученной массой половинки баклажанов и лопаткой распределите по всей внутренней поверхности, формируя выемку для яйца.\r\nВыложите баклажанные лодочки в подходящую по размеру форму для запекания так, чтобы они плотно располагались на дне формы и не переворачивались.\r\nАккуратно вбейте в каждую лодочку с баклажанно-сырной начинкой по яйцу. Слегка посолите яйца.\r\nЗапекайте лодочки из баклажанов в духовке, разогретой до 180 градусов, 15-25 минут, до желаемой готовности желтка. Точное время запекания зависит от особенностей духовки и толщины стенок баклажанных лодочек. У меня за 15 минут хорошо пропеклась кожура баклажана и схватился яичный белок, а желток остался жидким.\r\n\r\n', '500 г'),
(6, 22, 'Сразу включите духовку разогреваться до температуры 180 градусов.\r\nБаклажаны вымойте и разрежьте вдоль на 2 половинки.\r\nЕсли вы боитесь горечи баклажанов, можно сложить половинки в миску, слегка присыпать солью, залить водой и оставить на 15-20 минут. Затем слить воду и промыть баклажаны под проточной водой.\r\nАккуратно прорежьте ножом мякоть по бокам, оставляя стенки толщиной не больше 0,5 см.\r\nЛожкой аккуратно извлеките мякоть из баклажанов на тарелку. Чем тоньше будут стенки баклажанных лодочек, тем лучше. У меня они получились толщиной примерно 3-4 мм.\r\nБаклажанные лодочки немного посолите.\r\nВ сковороде на среднем огне разогрейте растительное масло. Выложите мякоть баклажанов в сковороду.\r\nПомешивая, обжаривайте баклажаны примерно 10-15 минут, до мягкости.\r\nПереложите обжаренные баклажаны в глубокую миску.\r\nБрынзу натрите на тёрке или просто разломайте на кусочки. Отправьте в миску с баклажанами и перемешайте. Поперчите и посолите начинку, учитывая то, что брынза уже содержит соль.\r\nНаполните полученной массой половинки баклажанов и лопаткой распределите по всей внутренней поверхности, формируя выемку для яйца.\r\nВыложите баклажанные лодочки в подходящую по размеру форму для запекания так, чтобы они плотно располагались на дне формы и не переворачивались.\r\nАккуратно вбейте в каждую лодочку с баклажанно-сырной начинкой по яйцу. Слегка посолите яйца.\r\nЗапекайте лодочки из баклажанов в духовке, разогретой до 180 градусов, 15-25 минут, до желаемой готовности желтка. Точное время запекания зависит от особенностей духовки и толщины стенок баклажанных лодочек. У меня за 15 минут хорошо пропеклась кожура баклажана и схватился яичный белок, а желток остался жидким.\r\n\r\n\r\n', '4 шт'),
(13, 22, 'Сразу включите духовку разогреваться до температуры 180 градусов.\r\nБаклажаны вымойте и разрежьте вдоль на 2 половинки.\r\nЕсли вы боитесь горечи баклажанов, можно сложить половинки в миску, слегка присыпать солью, залить водой и оставить на 15-20 минут. Затем слить воду и промыть баклажаны под проточной водой.\r\nАккуратно прорежьте ножом мякоть по бокам, оставляя стенки толщиной не больше 0,5 см.\r\nЛожкой аккуратно извлеките мякоть из баклажанов на тарелку. Чем тоньше будут стенки баклажанных лодочек, тем лучше. У меня они получились толщиной примерно 3-4 мм.\r\nБаклажанные лодочки немного посолите.\r\nВ сковороде на среднем огне разогрейте растительное масло. Выложите мякоть баклажанов в сковороду.\r\nПомешивая, обжаривайте баклажаны примерно 10-15 минут, до мягкости.\r\nПереложите обжаренные баклажаны в глубокую миску.\r\nБрынзу натрите на тёрке или просто разломайте на кусочки. Отправьте в миску с баклажанами и перемешайте. Поперчите и посолите начинку, учитывая то, что брынза уже содержит соль.\r\nНаполните полученной массой половинки баклажанов и лопаткой распределите по всей внутренней поверхности, формируя выемку для яйца.\r\nВыложите баклажанные лодочки в подходящую по размеру форму для запекания так, чтобы они плотно располагались на дне формы и не переворачивались.\r\nАккуратно вбейте в каждую лодочку с баклажанно-сырной начинкой по яйцу. Слегка посолите яйца.\r\nЗапекайте лодочки из баклажанов в духовке, разогретой до 180 градусов, 15-25 минут, до желаемой готовности желтка. Точное время запекания зависит от особенностей духовки и толщины стенок баклажанных лодочек. У меня за 15 минут хорошо пропеклась кожура баклажана и схватился яичный белок, а желток остался жидким.\r\n\r\n\r\n', '120 г'),
(13, 23, 'Сыр пармезан натираем на крупной тёрке.\r\nЧеснок очищаем и мелко нарезаем.\r\nФорму для запекания смазываем сливочным маслом, дно слегка посыпаем пармезаном (меньше половины натёртого сыра). В форму выкладываем нарезанный чеснок, немного солим и сбрызгиваем оливковым маслом.\r\nВ глубокую посуду вбиваем яйца, взбиваем венчиком.\r\nК взбитым яйцам добавляем сметану и совсем немного соли, перемешиваем венчиком до однородности.\r\nФото приготовления рецепта: Творожная запеканка с помидорами, яйцами и сыром - шаг №8\r\nК творожно-сырной массе добавляем яично-сметанную смесь и перемешиваем.\r\nОтправляем в духовку при температуре 200 градусов на 10-15 минут.\r\nЗатем достаём форму, посыпаем запеканку оставшимся пармезаном и продолжаем запекать ещё 10 минут при тех же 200 градусах.', '50 г'),
(6, 23, 'Сыр пармезан натираем на крупной тёрке.\r\nЧеснок очищаем и мелко нарезаем.\r\nФорму для запекания смазываем сливочным маслом, дно слегка посыпаем пармезаном (меньше половины натёртого сыра). В форму выкладываем нарезанный чеснок, немного солим и сбрызгиваем оливковым маслом.\r\nВ глубокую посуду вбиваем яйца, взбиваем венчиком.\r\nК взбитым яйцам добавляем сметану и совсем немного соли, перемешиваем венчиком до однородности.\r\nФото приготовления рецепта: Творожная запеканка с помидорами, яйцами и сыром - шаг №8\r\nК творожно-сырной массе добавляем яично-сметанную смесь и перемешиваем.\r\nОтправляем в духовку при температуре 200 градусов на 10-15 минут.\r\nЗатем достаём форму, посыпаем запеканку оставшимся пармезаном и продолжаем запекать ещё 10 минут при тех же 200 градусах.', '6 шт'),
(5, 23, 'Сыр пармезан натираем на крупной тёрке.\r\nЧеснок очищаем и мелко нарезаем.\r\nФорму для запекания смазываем сливочным маслом, дно слегка посыпаем пармезаном (меньше половины натёртого сыра). В форму выкладываем нарезанный чеснок, немного солим и сбрызгиваем оливковым маслом.\r\nВ глубокую посуду вбиваем яйца, взбиваем венчиком.\r\nК взбитым яйцам добавляем сметану и совсем немного соли, перемешиваем венчиком до однородности.\r\nФото приготовления рецепта: Творожная запеканка с помидорами, яйцами и сыром - шаг №8\r\nК творожно-сырной массе добавляем яично-сметанную смесь и перемешиваем.\r\nОтправляем в духовку при температуре 200 градусов на 10-15 минут.\r\nЗатем достаём форму, посыпаем запеканку оставшимся пармезаном и продолжаем запекать ещё 10 минут при тех же 200 градусах.', '400 г'),
(17, 23, 'Сыр пармезан натираем на крупной тёрке.\r\nЧеснок очищаем и мелко нарезаем.\r\nФорму для запекания смазываем сливочным маслом, дно слегка посыпаем пармезаном (меньше половины натёртого сыра). В форму выкладываем нарезанный чеснок, немного солим и сбрызгиваем оливковым маслом.\r\nВ глубокую посуду вбиваем яйца, взбиваем венчиком.\r\nК взбитым яйцам добавляем сметану и совсем немного соли, перемешиваем венчиком до однородности.\r\nФото приготовления рецепта: Творожная запеканка с помидорами, яйцами и сыром - шаг №8\r\nК творожно-сырной массе добавляем яично-сметанную смесь и перемешиваем.\r\nОтправляем в духовку при температуре 200 градусов на 10-15 минут.\r\nЗатем достаём форму, посыпаем запеканку оставшимся пармезаном и продолжаем запекать ещё 10 минут при тех же 200 градусах.', '200 г'),
(15, 23, 'Сыр пармезан натираем на крупной тёрке.\r\nЧеснок очищаем и мелко нарезаем.\r\nФорму для запекания смазываем сливочным маслом, дно слегка посыпаем пармезаном (меньше половины натёртого сыра). В форму выкладываем нарезанный чеснок, немного солим и сбрызгиваем оливковым маслом.\r\nВ глубокую посуду вбиваем яйца, взбиваем венчиком.\r\nК взбитым яйцам добавляем сметану и совсем немного соли, перемешиваем венчиком до однородности.\r\nФото приготовления рецепта: Творожная запеканка с помидорами, яйцами и сыром - шаг №8\r\nК творожно-сырной массе добавляем яично-сметанную смесь и перемешиваем.\r\nОтправляем в духовку при температуре 200 градусов на 10-15 минут.\r\nЗатем достаём форму, посыпаем запеканку оставшимся пармезаном и продолжаем запекать ещё 10 минут при тех же 200 градусах.', '2 зуб'),
(1, 24, 'Вскипятите в кастрюле 2 л воды. Всыпьте 2 ч. ложки соли.\r\nВ кипящую воду отправьте макароны. Варите, помешивая, 8-10 минут с момента закипания.\r\nОткиньте макароны на дуршлаг, чтобы стекла вся жидкость.\r\nДобавьте яйца. Подсолите и поперчите.\r\nПеремешайте.\r\nВ сковороде разогрейте растительное масло и выложите туда макароны. Влейте яичную массу. Помешивая лопаткой, обжарьте 5-7 минут, чтобы яичная масса схватилась.', '250 г'),
(6, 24, 'Вскипятите в кастрюле 2 л воды. Всыпьте 2 ч. ложки соли.\r\nВ кипящую воду отправьте макароны. Варите, помешивая, 8-10 минут с момента закипания.\r\nОткиньте макароны на дуршлаг, чтобы стекла вся жидкость.\r\nДобавьте яйца. Подсолите и поперчите.\r\nПеремешайте.\r\nВ сковороде разогрейте растительное масло и выложите туда макароны. Влейте яичную массу. Помешивая лопаткой, обжарьте 5-7 минут, чтобы яичная масса схватилась.', '2 шт'),
(17, 24, 'Вскипятите в кастрюле 2 л воды. Всыпьте 2 ч. ложки соли.\r\nВ кипящую воду отправьте макароны. Варите, помешивая, 8-10 минут с момента закипания.\r\nОткиньте макароны на дуршлаг, чтобы стекла вся жидкость.\r\nДобавьте яйца. Подсолите и поперчите.\r\nПеремешайте.\r\nВ сковороде разогрейте растительное масло и выложите туда макароны. Влейте яичную массу. Помешивая лопаткой, обжарьте 5-7 минут, чтобы яичная масса схватилась.', '50 г'),
(14, 25, '1. У ломтика хлеба вырезать серединку круглой формочкой.\r\n2. На сковороде разогреть сливочное масло, выложить хлеб, обжарить с одной стороны, затем перевернуть на другую.\r\n3. В отверстие вылить яйцо, посыпать солью и перцем. Готовить, пока белок не схватится.', '1 ломтик'),
(6, 25, '1. У ломтика хлеба вырезать серединку круглой формочкой.\r\n2. На сковороде разогреть сливочное масло, выложить хлеб, обжарить с одной стороны, затем перевернуть на другую.\r\n3. В отверстие вылить яйцо, посыпать солью и перцем. Готовить, пока белок не схватится.', '1 шт'),
(4, 26, 'Вскипятите в кастрюле 2 л воды. Всыпьте 2 ч. ложки соли.\r\nВ кипящую воду отправьте макароны. Варите, помешивая, 8-10 минут с момента закипания.\r\nОткиньте макароны на дуршлаг, чтобы стекла вся жидкость.\r\nДобавьте яйца. Подсолите и поперчите.\r\nПеремешайте.\r\nВ сковороде разогрейте растительное масло и выложите туда макароны. Влейте яичную массу. Помешивая лопаткой, обжарьте 5-7 минут, чтобы яичная масса схватилась.\r\nКапусту нарежьте небольшими кубиками или нашинкуйте тонкими полосками.\r\nВ сковороде на среднем огне разогрейте растительное масло. Выложите капусту и, помешивая, обжаривайте примерно 2-3 минуты.\r\nЛук очистите, нарежьте мелкими кубиками и отправьте в сковороду.\r\nМорковь очистите, вымойте, натрите на мелкой тёрке и также отправьте в сковороду.\r\nДобавьте соль и молотый перец. Перемешайте.\r\nУбавьте огонь до минимума, влейте 2-3 ст. ложки воды, прикройте крышкой и готовьте примерно 15-20 минут, до мягкости. Если капуста не молодая - времени может понадобиться чуть больше.\r\nЯйца разбейте в глубокую миску и разболтайте вилкой до однородности.\r\nДобавьте в яичную смесь манку, перемешайте и оставьте примерно на 5 минут, до набухания.\r\nВлейте яичную смесь в сковороду с капустой и перемешайте.\r\nГотовьте примерно 2-3 минуты, до схватывания яиц.\r\nЗатем снимите сковороду с огня, накройте крышкой и оставьте примерно на 5-10 минут, чтобы пропарить смесь основательно.', '800 гр'),
(2, 26, 'Вскипятите в кастрюле 2 л воды. Всыпьте 2 ч. ложки соли.\r\nВ кипящую воду отправьте макароны. Варите, помешивая, 8-10 минут с момента закипания.\r\nОткиньте макароны на дуршлаг, чтобы стекла вся жидкость.\r\nДобавьте яйца. Подсолите и поперчите.\r\nПеремешайте.\r\nВ сковороде разогрейте растительное масло и выложите туда макароны. Влейте яичную массу. Помешивая лопаткой, обжарьте 5-7 минут, чтобы яичная масса схватилась.\r\nКапусту нарежьте небольшими кубиками или нашинкуйте тонкими полосками.\r\nВ сковороде на среднем огне разогрейте растительное масло. Выложите капусту и, помешивая, обжаривайте примерно 2-3 минуты.\r\nЛук очистите, нарежьте мелкими кубиками и отправьте в сковороду.\r\nМорковь очистите, вымойте, натрите на мелкой тёрке и также отправьте в сковороду.\r\nДобавьте соль и молотый перец. Перемешайте.\r\nУбавьте огонь до минимума, влейте 2-3 ст. ложки воды, прикройте крышкой и готовьте примерно 15-20 минут, до мягкости. Если капуста не молодая - времени может понадобиться чуть больше.\r\nЯйца разбейте в глубокую миску и разболтайте вилкой до однородности.\r\nДобавьте в яичную смесь манку, перемешайте и оставьте примерно на 5 минут, до набухания.\r\nВлейте яичную смесь в сковороду с капустой и перемешайте.\r\nГотовьте примерно 2-3 минуты, до схватывания яиц.\r\nЗатем снимите сковороду с огня, накройте крышкой и оставьте примерно на 5-10 минут, чтобы пропарить смесь основательно.', '50 гр'),
(16, 26, 'Вскипятите в кастрюле 2 л воды. Всыпьте 2 ч. ложки соли.\r\nВ кипящую воду отправьте макароны. Варите, помешивая, 8-10 минут с момента закипания.\r\nОткиньте макароны на дуршлаг, чтобы стекла вся жидкость.\r\nДобавьте яйца. Подсолите и поперчите.\r\nПеремешайте.\r\nВ сковороде разогрейте растительное масло и выложите туда макароны. Влейте яичную массу. Помешивая лопаткой, обжарьте 5-7 минут, чтобы яичная масса схватилась.\r\nКапусту нарежьте небольшими кубиками или нашинкуйте тонкими полосками.\r\nВ сковороде на среднем огне разогрейте растительное масло. Выложите капусту и, помешивая, обжаривайте примерно 2-3 минуты.\r\nЛук очистите, нарежьте мелкими кубиками и отправьте в сковороду.\r\nМорковь очистите, вымойте, натрите на мелкой тёрке и также отправьте в сковороду.\r\nДобавьте соль и молотый перец. Перемешайте.\r\nУбавьте огонь до минимума, влейте 2-3 ст. ложки воды, прикройте крышкой и готовьте примерно 15-20 минут, до мягкости. Если капуста не молодая - времени может понадобиться чуть больше.\r\nЯйца разбейте в глубокую миску и разболтайте вилкой до однородности.\r\nДобавьте в яичную смесь манку, перемешайте и оставьте примерно на 5 минут, до набухания.\r\nВлейте яичную смесь в сковороду с капустой и перемешайте.\r\nГотовьте примерно 2-3 минуты, до схватывания яиц.\r\nЗатем снимите сковороду с огня, накройте крышкой и оставьте примерно на 5-10 минут, чтобы пропарить смесь основательно.', '50 гр'),
(6, 26, 'Вскипятите в кастрюле 2 л воды. Всыпьте 2 ч. ложки соли.\r\nВ кипящую воду отправьте макароны. Варите, помешивая, 8-10 минут с момента закипания.\r\nОткиньте макароны на дуршлаг, чтобы стекла вся жидкость.\r\nДобавьте яйца. Подсолите и поперчите.\r\nПеремешайте.\r\nВ сковороде разогрейте растительное масло и выложите туда макароны. Влейте яичную массу. Помешивая лопаткой, обжарьте 5-7 минут, чтобы яичная масса схватилась.\r\nКапусту нарежьте небольшими кубиками или нашинкуйте тонкими полосками.\r\nВ сковороде на среднем огне разогрейте растительное масло. Выложите капусту и, помешивая, обжаривайте примерно 2-3 минуты.\r\nЛук очистите, нарежьте мелкими кубиками и отправьте в сковороду.\r\nМорковь очистите, вымойте, натрите на мелкой тёрке и также отправьте в сковороду.\r\nДобавьте соль и молотый перец. Перемешайте.\r\nУбавьте огонь до минимума, влейте 2-3 ст. ложки воды, прикройте крышкой и готовьте примерно 15-20 минут, до мягкости. Если капуста не молодая - времени может понадобиться чуть больше.\r\nЯйца разбейте в глубокую миску и разболтайте вилкой до однородности.\r\nДобавьте в яичную смесь манку, перемешайте и оставьте примерно на 5 минут, до набухания.\r\nВлейте яичную смесь в сковороду с капустой и перемешайте.\r\nГотовьте примерно 2-3 минуты, до схватывания яиц.\r\nЗатем снимите сковороду с огня, накройте крышкой и оставьте примерно на 5-10 минут, чтобы пропарить смесь основательно.', '2 шт'),
(8, 26, '\r\nВскипятите в кастрюле 2 л воды. Всыпьте 2 ч. ложки соли.\r\nВ кипящую воду отправьте макароны. Варите, помешивая, 8-10 минут с момента закипания.\r\nОткиньте макароны на дуршлаг, чтобы стекла вся жидкость.\r\nДобавьте яйца. Подсолите и поперчите.\r\nПеремешайте.\r\nВ сковороде разогрейте растительное масло и выложите туда макароны. Влейте яичную массу. Помешивая лопаткой, обжарьте 5-7 минут, чтобы яичная масса схватилась.\r\nКапусту нарежьте небольшими кубиками или нашинкуйте тонкими полосками.\r\nВ сковороде на среднем огне разогрейте растительное масло. Выложите капусту и, помешивая, обжаривайте примерно 2-3 минуты.\r\nЛук очистите, нарежьте мелкими кубиками и отправьте в сковороду.\r\nМорковь очистите, вымойте, натрите на мелкой тёрке и также отправьте в сковороду.\r\nДобавьте соль и молотый перец. Перемешайте.\r\nУбавьте огонь до минимума, влейте 2-3 ст. ложки воды, прикройте крышкой и готовьте примерно 15-20 минут, до мягкости. Если капуста не молодая - времени может понадобиться чуть больше.\r\nЯйца разбейте в глубокую миску и разболтайте вилкой до однородности.\r\nДобавьте в яичную смесь манку, перемешайте и оставьте примерно на 5 минут, до набухания.\r\nВлейте яичную смесь в сковороду с капустой и перемешайте.\r\nГотовьте примерно 2-3 минуты, до схватывания яиц.\r\nЗатем снимите сковороду с огня, накройте крышкой и оставьте примерно на 5-10 минут, чтобы пропарить смесь основательно.', '3 ст ложки'),
(6, 29, 'Яйца разбить в миску, посолить, поперчить.\r\nВлить молоко.\r\nХорошенько взбить яйца с молоком вилкой или венчиком.\r\nВсыпать куркуму и хорошо перемешать.\r\nДобавить манную крупу.\r\nХорошо перемешать.\r\nПетрушку и укроп мелко нарезать.\r\nСыр натереть на мелкой тёрке.\r\nНагреть сковороду, выложить туда сливочное масло и растопить. Вылить в сковороду омлетную смесь. Убавить огонь до минимума, накрыть сковороду крышкой и жарить омлет с манной крупой 5-7 минут.\r\nКогда на поверхности омлета не останется жидкости, посыпать его натёртым сыром. Снова накрыть сковороду крышкой и готовить омлет ещё минуту, чтобы сыр расплавился.\r\nПосыпьте омлет с манкой и сыром зеленью и подавайте к столу.\r\n', '4 шт'),
(7, 29, 'Яйца разбить в миску, посолить, поперчить.\r\nВлить молоко.\r\nХорошенько взбить яйца с молоком вилкой или венчиком.\r\nВсыпать куркуму и хорошо перемешать.\r\nДобавить манную крупу.\r\nХорошо перемешать.\r\nПетрушку и укроп мелко нарезать.\r\nСыр натереть на мелкой тёрке.\r\nНагреть сковороду, выложить туда сливочное масло и растопить. Вылить в сковороду омлетную смесь. Убавить огонь до минимума, накрыть сковороду крышкой и жарить омлет с манной крупой 5-7 минут.\r\nКогда на поверхности омлета не останется жидкости, посыпать его натёртым сыром. Снова накрыть сковороду крышкой и готовить омлет ещё минуту, чтобы сыр расплавился.\r\nПосыпьте омлет с манкой и сыром зеленью и подавайте к столу.\r\n', '4 ст ложки'),
(8, 29, 'Яйца разбить в миску, посолить, поперчить.\r\nВлить молоко.\r\nХорошенько взбить яйца с молоком вилкой или венчиком.\r\nВсыпать куркуму и хорошо перемешать.\r\nДобавить манную крупу.\r\nХорошо перемешать.\r\nПетрушку и укроп мелко нарезать.\r\nСыр натереть на мелкой тёрке.\r\nНагреть сковороду, выложить туда сливочное масло и растопить. Вылить в сковороду омлетную смесь. Убавить огонь до минимума, накрыть сковороду крышкой и жарить омлет с манной крупой 5-7 минут.\r\nКогда на поверхности омлета не останется жидкости, посыпать его натёртым сыром. Снова накрыть сковороду крышкой и готовить омлет ещё минуту, чтобы сыр расплавился.\r\nПосыпьте омлет с манкой и сыром зеленью и подавайте к столу.\r\n', '1 ст ложка'),
(13, 29, 'Яйца разбить в миску, посолить, поперчить.\r\nВлить молоко.\r\nХорошенько взбить яйца с молоком вилкой или венчиком.\r\nВсыпать куркуму и хорошо перемешать.\r\nДобавить манную крупу.\r\nХорошо перемешать.\r\nПетрушку и укроп мелко нарезать.\r\nСыр натереть на мелкой тёрке.\r\nНагреть сковороду, выложить туда сливочное масло и растопить. Вылить в сковороду омлетную смесь. Убавить огонь до минимума, накрыть сковороду крышкой и жарить омлет с манной крупой 5-7 минут.\r\nКогда на поверхности омлета не останется жидкости, посыпать его натёртым сыром. Снова накрыть сковороду крышкой и готовить омлет ещё минуту, чтобы сыр расплавился.\r\nПосыпьте омлет с манкой и сыром зеленью и подавайте к столу.\r\n', '50 г'),
(4, 30, 'Капусту нарезать крупными кусочками.\r\nПереложить капусту порциями в чашу блендера и измельчить на высокой скорости примерно 2 минуты, до однородности.\r\nФото приготовления рецепта: Котлеты из фасоли и капусты с манной крупой - шаг №8\r\nВ сковороде на среднем огне разогреть растительное масло. Выложить капусту в сковороду и, периодически помешивая, обжарить примерно 7-10 минут.\r\nВсыпать манную крупу в миску с капустой и вбить яйцо. Добавить соль и перец.\r\nТщательно перемешать.\r\nМуку высыпать в плоскую тарелку, удобную для панировки. Мокрыми руками взять примерно 1/6 часть фарша, скатать в шарик и немного сплющить, формируя котлету. Обвалять котлету в муке со всех сторон.\r\nТочно таким же образом сформировать и запанировать в муке остальные котлеты.\r\nВ сковороде на максимальном огне разогреть оставшееся растительное масло. Убавить нагрев до минимума, выложить котлеты в сковороду и обжарить примерно по 7-8 минут.', '300 г'),
(6, 30, 'Капусту нарезать крупными кусочками.\r\nПереложить капусту порциями в чашу блендера и измельчить на высокой скорости примерно 2 минуты, до однородности.\r\nФото приготовления рецепта: Котлеты из фасоли и капусты с манной крупой - шаг №8\r\nВ сковороде на среднем огне разогреть растительное масло. Выложить капусту в сковороду и, периодически помешивая, обжарить примерно 7-10 минут.\r\nВсыпать манную крупу в миску с капустой и вбить яйцо. Добавить соль и перец.\r\nТщательно перемешать.\r\nМуку высыпать в плоскую тарелку, удобную для панировки. Мокрыми руками взять примерно 1/6 часть фарша, скатать в шарик и немного сплющить, формируя котлету. Обвалять котлету в муке со всех сторон.\r\nТочно таким же образом сформировать и запанировать в муке остальные котлеты.\r\nВ сковороде на максимальном огне разогреть оставшееся растительное масло. Убавить нагрев до минимума, выложить котлеты в сковороду и обжарить примерно по 7-8 минут.', '1 шт'),
(8, 30, 'Капусту нарезать крупными кусочками.\r\nПереложить капусту порциями в чашу блендера и измельчить на высокой скорости примерно 2 минуты, до однородности.\r\nФото приготовления рецепта: Котлеты из фасоли и капусты с манной крупой - шаг №8\r\nВ сковороде на среднем огне разогреть растительное масло. Выложить капусту в сковороду и, периодически помешивая, обжарить примерно 7-10 минут.\r\nВсыпать манную крупу в миску с капустой и вбить яйцо. Добавить соль и перец.\r\nТщательно перемешать.\r\nМуку высыпать в плоскую тарелку, удобную для панировки. Мокрыми руками взять примерно 1/6 часть фарша, скатать в шарик и немного сплющить, формируя котлету. Обвалять котлету в муке со всех сторон.\r\nТочно таким же образом сформировать и запанировать в муке остальные котлеты.\r\nВ сковороде на максимальном огне разогреть оставшееся растительное масло. Убавить нагрев до минимума, выложить котлеты в сковороду и обжарить примерно по 7-8 минут.', '3 ст ложки'),
(14, 31, 'Смешайте в блендере чуть подтаявшее масло, нарезанный чеснок (если нет блендера, то давленый) и зелень, мелко порубленную. Добавьте соль и перец.\r\nНамажьте половинки багета получившимся маслом.\r\nВыложите хлеб на противень, выстланный пекарской бумагой. Поставьте противень с хлебом в предварительно разогретую до 200 градусов духовку.\r\nВыпекайте 20 минут, пока верх не зарумянится.\r\nПосыпьте тертым сыром и запекайте чесночный хлеб еще 10 минут.', '1 шт'),
(15, 31, 'Смешайте в блендере чуть подтаявшее масло, нарезанный чеснок (если нет блендера, то давленый) и зелень, мелко порубленную. Добавьте соль и перец.\r\nНамажьте половинки багета получившимся маслом.\r\nВыложите хлеб на противень, выстланный пекарской бумагой. Поставьте противень с хлебом в предварительно разогретую до 200 градусов духовку.\r\nВыпекайте 20 минут, пока верх не зарумянится.\r\nПосыпьте тертым сыром и запекайте чесночный хлеб еще 10 минут.', '1 зуб'),
(13, 31, 'Смешайте в блендере чуть подтаявшее масло, нарезанный чеснок (если нет блендера, то давленый) и зелень, мелко порубленную. Добавьте соль и перец.\r\nНамажьте половинки багета получившимся маслом.\r\nВыложите хлеб на противень, выстланный пекарской бумагой. Поставьте противень с хлебом в предварительно разогретую до 200 градусов духовку.\r\nВыпекайте 20 минут, пока верх не зарумянится.\r\nПосыпьте тертым сыром и запекайте чесночный хлеб еще 10 минут.', '50 г'),
(14, 32, 'В центре каждого ломтика тостового хлеба с помощью круглой формочки или стакана вырежьте кружочки.\r\nВ сковороде на среднем огне растопите кусочек сливочного масла и выложите на сковороду две подготовленные хлебные \"рамочки\".\r\nСразу же в углубления в ломтиках хлеба разбейте по яйцу.\r\nПосолите яйца и поперчите.\r\nЖарьте яичницу в хлебе на среднем огне, пока низ яичницы не схватится, но не передержите - 2 минут будет достаточно.\r\nСыр нарежьте тонкими пластинками. Для этого удобно использовать овощечистку.\r\nВыложите пластинки сыра на каждую гренку, закрывая всю поверхность кусочков хлеба.\r\nНакройте сковороду крышкой и дождитесь, пока сыр начнёт плавиться (секунд 20).\r\nЗатем сложите кусочки хлеба друг на друга так, чтобы сыр оказался внутри. Поджарьте гренку ещё по 30 секунд с каждой стороны, чтобы сыр окончательно расплавился и превратил два кусочка хлеба в один цельный бутерброд.', '2 ломтика'),
(6, 32, 'В центре каждого ломтика тостового хлеба с помощью круглой формочки или стакана вырежьте кружочки.\r\nВ сковороде на среднем огне растопите кусочек сливочного масла и выложите на сковороду две подготовленные хлебные \"рамочки\".\r\nСразу же в углубления в ломтиках хлеба разбейте по яйцу.\r\nПосолите яйца и поперчите.\r\nЖарьте яичницу в хлебе на среднем огне, пока низ яичницы не схватится, но не передержите - 2 минут будет достаточно.\r\nСыр нарежьте тонкими пластинками. Для этого удобно использовать овощечистку.\r\nВыложите пластинки сыра на каждую гренку, закрывая всю поверхность кусочков хлеба.\r\nНакройте сковороду крышкой и дождитесь, пока сыр начнёт плавиться (секунд 20).\r\nЗатем сложите кусочки хлеба друг на друга так, чтобы сыр оказался внутри. Поджарьте гренку ещё по 30 секунд с каждой стороны, чтобы сыр окончательно расплавился и превратил два кусочка хлеба в один цельный бутерброд.', '2 шт'),
(13, 32, 'В центре каждого ломтика тостового хлеба с помощью круглой формочки или стакана вырежьте кружочки.\r\nВ сковороде на среднем огне растопите кусочек сливочного масла и выложите на сковороду две подготовленные хлебные \"рамочки\".\r\nСразу же в углубления в ломтиках хлеба разбейте по яйцу.\r\nПосолите яйца и поперчите.\r\nЖарьте яичницу в хлебе на среднем огне, пока низ яичницы не схватится, но не передержите - 2 минут будет достаточно.\r\nСыр нарежьте тонкими пластинками. Для этого удобно использовать овощечистку.\r\nВыложите пластинки сыра на каждую гренку, закрывая всю поверхность кусочков хлеба.\r\nНакройте сковороду крышкой и дождитесь, пока сыр начнёт плавиться (секунд 20).\r\nЗатем сложите кусочки хлеба друг на друга так, чтобы сыр оказался внутри. Поджарьте гренку ещё по 30 секунд с каждой стороны, чтобы сыр окончательно расплавился и превратил два кусочка хлеба в один цельный бутерброд.', '30 г'),
(19, 33, 'Подготовьте все необходимые ингредиенты. \r\nОчищенный картофель нарежьте средними кусочками.\r\nЛук очистите и нарежьте небольшими кубиками.\r\nБаклажаны нарежьте четвертинками (их тоже можно предварительно очистить).\r\nВ кастрюле вскипятите 1,7 л воды, посолите по вкусу. В кипящую воду выложите кусочки картофеля. Варите 15-20 минут, до мягкости картофеля.\r\n\r\nРазогрейте сковороду с растительным маслом, выложите туда лук, морковь и обжарьте в течение 2 минут. Добавьте баклажаны.\r\n\r\nОбжаривайте лук с баклажанами ещё 3-4 минуты на небольшом огне. Затем добавьте в сковороду помидоры. Туда же выложите сметану.\r\n\r\nПеремешайте и тушите овощи со сметаной 5 минут на небольшом огне. Выложите овощи со сметаной в кастрюлю. Варите суп 5 минут.\r\n\r\nЧеснок очистите и измельчите. Мелко нарежьте зелень укропа. Добавьте укроп и чеснок в суп и перемешайте. Доведите суп до кипения и выключите огонь.\r\n\r\nРазлейте суп с баклажанами и сметаной по тарелкам и подавайте к столу.\r\n\r\nПриятного аппетита!', '200 г'),
(12, 33, 'Подготовьте все необходимые ингредиенты. \r\nОчищенный картофель нарежьте средними кусочками.\r\nЛук очистите и нарежьте небольшими кубиками.\r\nБаклажаны нарежьте четвертинками (их тоже можно предварительно очистить).\r\nВ кастрюле вскипятите 1,7 л воды, посолите по вкусу. В кипящую воду выложите кусочки картофеля. Варите 15-20 минут, до мягкости картофеля.\r\n\r\nРазогрейте сковороду с растительным маслом, выложите туда лук, морковь и обжарьте в течение 2 минут. Добавьте баклажаны.\r\n\r\nОбжаривайте лук с баклажанами ещё 3-4 минуты на небольшом огне. Затем добавьте в сковороду помидоры. Туда же выложите сметану.\r\n\r\nПеремешайте и тушите овощи со сметаной 5 минут на небольшом огне. Выложите овощи со сметаной в кастрюлю. Варите суп 5 минут.\r\n\r\nЧеснок очистите и измельчите. Мелко нарежьте зелень укропа. Добавьте укроп и чеснок в суп и перемешайте. Доведите суп до кипения и выключите огонь.\r\n\r\nРазлейте суп с баклажанами и сметаной по тарелкам и подавайте к столу.\r\n\r\nПриятного аппетита!', '200 г'),
(15, 33, 'Подготовьте все необходимые ингредиенты. \r\nОчищенный картофель нарежьте средними кусочками.\r\nЛук очистите и нарежьте небольшими кубиками.\r\nБаклажаны нарежьте четвертинками (их тоже можно предварительно очистить).\r\nВ кастрюле вскипятите 1,7 л воды, посолите по вкусу. В кипящую воду выложите кусочки картофеля. Варите 15-20 минут, до мягкости картофеля.\r\n\r\nРазогрейте сковороду с растительным маслом, выложите туда лук, морковь и обжарьте в течение 2 минут. Добавьте баклажаны.\r\n\r\nОбжаривайте лук с баклажанами ещё 3-4 минуты на небольшом огне. Затем добавьте в сковороду помидоры. Туда же выложите сметану.\r\n\r\nПеремешайте и тушите овощи со сметаной 5 минут на небольшом огне. Выложите овощи со сметаной в кастрюлю. Варите суп 5 минут.\r\n\r\nЧеснок очистите и измельчите. Мелко нарежьте зелень укропа. Добавьте укроп и чеснок в суп и перемешайте. Доведите суп до кипения и выключите огонь.\r\n\r\nРазлейте суп с баклажанами и сметаной по тарелкам и подавайте к столу.\r\n\r\nПриятного аппетита!', '1 зубчик'),
(16, 33, 'Подготовьте все необходимые ингредиенты. \r\nОчищенный картофель нарежьте средними кусочками.\r\nЛук очистите и нарежьте небольшими кубиками.\r\nБаклажаны нарежьте четвертинками (их тоже можно предварительно очистить).\r\nВ кастрюле вскипятите 1,7 л воды, посолите по вкусу. В кипящую воду выложите кусочки картофеля. Варите 15-20 минут, до мягкости картофеля.\r\n\r\nРазогрейте сковороду с растительным маслом, выложите туда лук, морковь и обжарьте в течение 2 минут. Добавьте баклажаны.\r\n\r\nОбжаривайте лук с баклажанами ещё 3-4 минуты на небольшом огне. Затем добавьте в сковороду помидоры. Туда же выложите сметану.\r\n\r\nПеремешайте и тушите овощи со сметаной 5 минут на небольшом огне. Выложите овощи со сметаной в кастрюлю. Варите суп 5 минут.\r\n\r\nЧеснок очистите и измельчите. Мелко нарежьте зелень укропа. Добавьте укроп и чеснок в суп и перемешайте. Доведите суп до кипения и выключите огонь.\r\n\r\nРазлейте суп с баклажанами и сметаной по тарелкам и подавайте к столу.\r\n\r\nПриятного аппетита!', '150 г'),
(12, 34, 'Как приготовить оладьи из баклажанов:\r\n\r\nБаклажаны очистить от кожуры, нарезать.\r\nЧеснок очистить и нарезать. Измельчить блендером или с помощью мясорубки баклажаны и чеснок. Добавить яйцо, сметану. Посолить и поперчить. Добавить муку и разрыхлитель. Перемешать до однородности. Масса должна быть очень густая.\r\n\r\nНа сковороде разогреть масло. Столовой ложкой выкладывать массу. Жарить оладьи из баклажанов на среднем огне до золотистой корочки (3-4 минуты). Перевернуть и жарить с другой стороны еще 3-4 минуты.\r\nОладьи из баклажанов готовы. Приятного аппетита!', '1 шт'),
(6, 34, 'Как приготовить оладьи из баклажанов:\r\n\r\nБаклажаны очистить от кожуры, нарезать.\r\nЧеснок очистить и нарезать. Измельчить блендером или с помощью мясорубки баклажаны и чеснок. Добавить яйцо, сметану. Посолить и поперчить. Добавить муку и разрыхлитель. Перемешать до однородности. Масса должна быть очень густая.\r\n\r\nНа сковороде разогреть масло. Столовой ложкой выкладывать массу. Жарить оладьи из баклажанов на среднем огне до золотистой корочки (3-4 минуты). Перевернуть и жарить с другой стороны еще 3-4 минуты.\r\nОладьи из баклажанов готовы. Приятного аппетита!', '1 шт'),
(15, 34, 'Как приготовить оладьи из баклажанов:\r\n\r\nБаклажаны очистить от кожуры, нарезать.\r\nЧеснок очистить и нарезать. Измельчить блендером или с помощью мясорубки баклажаны и чеснок. Добавить яйцо, сметану. Посолить и поперчить. Добавить муку и разрыхлитель. Перемешать до однородности. Масса должна быть очень густая.\r\n\r\nНа сковороде разогреть масло. Столовой ложкой выкладывать массу. Жарить оладьи из баклажанов на среднем огне до золотистой корочки (3-4 минуты). Перевернуть и жарить с другой стороны еще 3-4 минуты.\r\nОладьи из баклажанов готовы. Приятного аппетита!', '1-2 зубчика'),
(17, 34, 'Как приготовить оладьи из баклажанов:\r\n\r\nБаклажаны очистить от кожуры, нарезать.\r\nЧеснок очистить и нарезать. Измельчить блендером или с помощью мясорубки баклажаны и чеснок. Добавить яйцо, сметану. Посолить и поперчить. Добавить муку и разрыхлитель. Перемешать до однородности. Масса должна быть очень густая.\r\n\r\nНа сковороде разогреть масло. Столовой ложкой выкладывать массу. Жарить оладьи из баклажанов на среднем огне до золотистой корочки (3-4 минуты). Перевернуть и жарить с другой стороны еще 3-4 минуты.\r\nОладьи из баклажанов готовы. Приятного аппетита!', '1-2 ст. ложки'),
(6, 35, 'Подготавливаем необходимые продукты.\r\n\r\nБаклажаны нарезаем небольшими кусочками (четвертинками кружочков).\r\nВ сковороде разогреваем оливковое масло, выкладываем баклажаны и обжариваем 3-5 минут, до мягкости.\r\nДобавляем в сковороду соль и сушёный чеснок.\r\nВ миску разбиваем яйца, добавляем молоко и 1 щепотку соли. Перемешиваем венчиком до однородности.\r\nВ сковороду с баклажанами вливаем яичную смесь. Накрываем сковороду крышкой и готовим омлет на небольшом огне 5-7 минут, до полного схватывания.\r\n\r\nОмлет с баклажанами и грибами готов.\r\nПриятного аппетита!', '5 шт'),
(7, 35, 'Подготавливаем необходимые продукты.\r\n\r\nБаклажаны нарезаем небольшими кусочками (четвертинками кружочков).\r\nВ сковороде разогреваем оливковое масло, выкладываем баклажаны и обжариваем 3-5 минут, до мягкости.\r\nДобавляем в сковороду соль и сушёный чеснок.\r\nВ миску разбиваем яйца, добавляем молоко и 1 щепотку соли. Перемешиваем венчиком до однородности.\r\nВ сковороду с баклажанами вливаем яичную смесь. Накрываем сковороду крышкой и готовим омлет на небольшом огне 5-7 минут, до полного схватывания.\r\n\r\nОмлет с баклажанами и грибами готов.\r\nПриятного аппетита!', '250 мл'),
(12, 35, 'Подготавливаем необходимые продукты.\r\n\r\nБаклажаны нарезаем небольшими кусочками (четвертинками кружочков).\r\nВ сковороде разогреваем оливковое масло, выкладываем баклажаны и обжариваем 3-5 минут, до мягкости.\r\nДобавляем в сковороду соль и сушёный чеснок.\r\nВ миску разбиваем яйца, добавляем молоко и 1 щепотку соли. Перемешиваем венчиком до однородности.\r\nВ сковороду с баклажанами вливаем яичную смесь. Накрываем сковороду крышкой и готовим омлет на небольшом огне 5-7 минут, до полного схватывания.\r\n\r\nОмлет с баклажанами и грибами готов.\r\nПриятного аппетита!', '200г'),
(15, 35, 'Подготавливаем необходимые продукты.\r\n\r\nБаклажаны нарезаем небольшими кусочками (четвертинками кружочков).\r\nВ сковороде разогреваем оливковое масло, выкладываем баклажаны и обжариваем 3-5 минут, до мягкости.\r\nДобавляем в сковороду соль и сушёный чеснок.\r\nВ миску разбиваем яйца, добавляем молоко и 1 щепотку соли. Перемешиваем венчиком до однородности.\r\nВ сковороду с баклажанами вливаем яичную смесь. Накрываем сковороду крышкой и готовим омлет на небольшом огне 5-7 минут, до полного схватывания.\r\n\r\nОмлет с баклажанами и грибами готов.\r\nПриятного аппетита!', '1 зубч/ 0,4 ч. ложки'),
(12, 5, NULL, '1 шт'),
(11, 4, '\"Листы лаваша складываем сразу в несколько слоёв и нарезаем произвольными полосками (я нарезала шириной 1 см, длиной - 6-8 см).\r\nЯйца разбиваем в глубокую миску. Добавляем соль и перец.\r\nВзбалтываем яйца венчиком (или вилкой) до однородности.\r\nНа сковороде растапливаем половину сливочного масла (15-20 г) и выкладываем нарезанный лаваш. Обжариваем лаваш на среднем огне, постоянно помешивая, примерно 1 минуту.\r\nЗатем поверх лаваша равномерным слоем выкладываем творог.\r\nИ заливаем всё яичной смесью.\r\nЯичная смесь должна хорошо распределиться и растечься по дну сковороды, соединив лаваш.\r\nНакрываем сковороду крышкой, убавляем огонь до минимума и готовим пирог из лаваша примерно 4-5 минут.\r\nРазделяем оставшиеся 15-20 г сливочного масла на кусочки и выкладываем поверх пирога.\r\nЛопаткой осторожно отделяем пирог от стенок и дна сковороды и накрываем тарелкой похожего диаметра (или меньше).\r\nПридерживая тарелку, переворачиваем сковороду с пирогом. Затем просто снимаем сковороду с пирога, соскользнувшего на тарелку, и перекладываем обратно в сковороду необжаренной стороной вниз. Опять накрываем крышкой и на минимальном огне доводим до готовности примерно 3-5 минут.\"	', '200'),
(11, 5, '\"Листы лаваша складываем сразу в несколько слоёв и нарезаем произвольными полосками (я нарезала шириной 1 см, длиной - 6-8 см).\r\nЯйца разбиваем в глубокую миску. Добавляем соль и перец.\r\nВзбалтываем яйца венчиком (или вилкой) до однородности.\r\nНа сковороде растапливаем половину сливочного масла (15-20 г) и выкладываем нарезанный лаваш. Обжариваем лаваш на среднем огне, постоянно помешивая, примерно 1 минуту.\r\nЗатем поверх лаваша равномерным слоем выкладываем творог.\r\nИ заливаем всё яичной смесью.\r\nЯичная смесь должна хорошо распределиться и растечься по дну сковороды, соединив лаваш.\r\nНакрываем сковороду крышкой, убавляем огонь до минимума и готовим пирог из лаваша примерно 4-5 минут.\r\nРазделяем оставшиеся 15-20 г сливочного масла на кусочки и выкладываем поверх пирога.\r\nЛопаткой осторожно отделяем пирог от стенок и дна сковороды и накрываем тарелкой похожего диаметра (или меньше).\r\nПридерживая тарелку, переворачиваем сковороду с пирогом. Затем просто снимаем сковороду с пирога, соскользнувшего на тарелку, и перекладываем обратно в сковороду необжаренной стороной вниз. Опять накрываем крышкой и на минимальном огне доводим до готовности примерно 3-5 минут.\"', '100'),
(12, 7, 'Пару баклажанов хорошо отбиваем (прокатываем) скалкой, но без фанатизма, они не должны лопнуть.\r\nОдин баклажан мы просто накололи вилкой только с одной стороны. Для эксперимента.\r\nДелаем продольный надрез ножом, чтобы получился \"кармашек\".\r\nВ холодную воду добавляем 1-2 ст. ложки соли. Погружаем баклажаны в солевой раствор минут на 15.\r\nЗа это время приготовим фарш-начинку. Луковицу натираем на крупной терке.\r\nК луку добавляем фарш.\r\nОстрый и сладкий перец нарезаем кубиками, добавляем к фаршу с луком.\r\nСюда же добавляем пропущенный через пресс чеснок, соль, кориандр, чёрный перец и мелко порубленную зелень. Всё хорошо перемешиваем.\r\nБаклажаны достаем из солевого раствора. Хорошо отжимаем.\r\nУ отбитых баклажанов кармашек получился намного больше.\r\nФарш делим на три части и заполняем им баклажаны.\r\nВыкладываем фаршированные баклажаны в форму. Из фарша, который не поместился в наколотый вилкой баклажан, я скатала тефтельки и тоже выложила в форму.\r\nПоливаем баклажаны и тефтели томатным соком и отправляем запекаться в духовку при 180 градусах минут на 40.', '300'),
(12, 13, 'Баклажаны нарезать кружками толщиной 1,5-2 см.\r\nЛук очистить и нарезать кружочками толщиной 3-5 мм.\r\nРазогреть сковороду, налить 30-50 мл подсолнечного масла. В горячее масло выложить лук и обжарить до золотистого цвета на среднем огне, помешивая, 2-3 минуты. Снять со сковороды.\r\nВ горячее масло выложить баклажаны. Баклажаны обжарить в подсолнечном масле до золотистого цвета с одной стороны (2-3 минуты).\r\nЗатем перевернуть кружочки баклажанов и обжарить с другой стороны до золотистости (2-3 минуты).\r\nУ горького стручкового перца удалить плодоножку с семенами.\r\nЧеснок очистить, раздавить в чесночнице (или растереть в ступке).\r\nПрокалить оставшееся подсолнечное масло. Для этого довести масло до кипения, огонь уменьшить до минимального и оставить на 1-2 минуты. Снять с огня и остудить до 70°C.\r\nВ эмалированную посуду поместить обжаренные баклажаны, лук, зелень, горький черный перец, перец, чеснок, соль, сахар.\r\nОтправить в духовку на 25 минут при 180 градусах.', '500');

--
-- Индексы сохранённых таблиц
--

--
-- Индексы таблицы `bludo`
--
ALTER TABLE `bludo`
  ADD PRIMARY KEY (`id_bludo`);

--
-- Индексы таблицы `ing`
--
ALTER TABLE `ing`
  ADD PRIMARY KEY (`id_ing`);

--
-- Индексы таблицы `rec`
--
ALTER TABLE `rec`
  ADD KEY `id_ing_r` (`id_ing_r`),
  ADD KEY `id_bludo` (`id_bludo_r`);

--
-- Ограничения внешнего ключа сохраненных таблиц
--

--
-- Ограничения внешнего ключа таблицы `rec`
--
ALTER TABLE `rec`
  ADD CONSTRAINT `rec_ibfk_1` FOREIGN KEY (`id_ing_r`) REFERENCES `ing` (`id_ing`),
  ADD CONSTRAINT `rec_ibfk_2` FOREIGN KEY (`id_bludo_r`) REFERENCES `bludo` (`id_bludo`);
COMMIT;

/*!40101 SET CHARACTER_SET_CLIENT=@OLD_CHARACTER_SET_CLIENT */;
/*!40101 SET CHARACTER_SET_RESULTS=@OLD_CHARACTER_SET_RESULTS */;
/*!40101 SET COLLATION_CONNECTION=@OLD_COLLATION_CONNECTION */;
